-- phpMyAdmin SQL Dump
-- version 4.8.3
-- https://www.phpmyadmin.net/
--
-- Host: 127.0.0.1
-- Generation Time: Apr 04, 2020 at 03:00 AM
-- Server version: 10.1.36-MariaDB
-- PHP Version: 7.2.10

SET SQL_MODE = "NO_AUTO_VALUE_ON_ZERO";
SET AUTOCOMMIT = 0;
START TRANSACTION;
SET time_zone = "+00:00";


/*!40101 SET @OLD_CHARACTER_SET_CLIENT=@@CHARACTER_SET_CLIENT */;
/*!40101 SET @OLD_CHARACTER_SET_RESULTS=@@CHARACTER_SET_RESULTS */;
/*!40101 SET @OLD_COLLATION_CONNECTION=@@COLLATION_CONNECTION */;
/*!40101 SET NAMES utf8mb4 */;

--
-- Database: `phpnc74_json`
--

-- --------------------------------------------------------

--
-- Table structure for table `category`
--

CREATE TABLE `category` (
  `cateid` int(10) UNSIGNED NOT NULL,
  `cate_name` varchar(100) NOT NULL
) ENGINE=InnoDB DEFAULT CHARSET=utf8;

--
-- Dumping data for table `category`
--

INSERT INTO `category` (`cateid`, `cate_name`) VALUES
(1, 'Sự kiện'),
(2, 'Xã hội'),
(3, 'Thế giới'),
(4, 'Thể thao'),
(5, 'Giáo dục'),
(6, 'Kinh doanh'),
(7, 'Văn hóa'),
(8, 'Giải trí'),
(9, 'Pháp luật'),
(10, 'Sức khỏe'),
(11, 'Du lịch'),
(12, 'Sức mạnh số'),
(13, 'Xe'),
(15, 'Chuyện lạ'),
(16, 'Khẩu trang');

-- --------------------------------------------------------

--
-- Table structure for table `comments`
--

CREATE TABLE `comments` (
  `commentid` int(10) UNSIGNED NOT NULL,
  `comment_content` text NOT NULL,
  `newsid` int(10) UNSIGNED NOT NULL,
  `userid` int(10) UNSIGNED NOT NULL
) ENGINE=InnoDB DEFAULT CHARSET=utf8;

--
-- Dumping data for table `comments`
--

INSERT INTO `comments` (`commentid`, `comment_content`, `newsid`, `userid`) VALUES
(1, 'Hello', 37, 2),
(2, 'Goodbye', 37, 1),
(3, 'Goodbye\nmy love', 37, 1),
(4, 'Hello<br />\neverybody', 37, 1),
(5, 'Jackie Do quá giỏi', 37, 1),
(6, 'to @admin:<br />\nAdmin à...<br />\nEm bảo anh đi đi<br />\nSao anh không đứng lại<br />\nEm bảo anh đừng đợi<br />\nSao anh vội đi ... mất tiêu', 37, 2);

-- --------------------------------------------------------

--
-- Table structure for table `news`
--

CREATE TABLE `news` (
  `newsid` int(10) UNSIGNED NOT NULL,
  `news_title` varchar(255) NOT NULL,
  `news_img` varchar(255) NOT NULL,
  `news_intro` text NOT NULL,
  `news_full` longtext NOT NULL,
  `news_source` varchar(255) NOT NULL,
  `news_date` int(50) UNSIGNED NOT NULL,
  `news_public` char(1) NOT NULL COMMENT 'Y: Yes - N: No',
  `cateid` int(10) UNSIGNED NOT NULL,
  `userid` int(10) UNSIGNED NOT NULL
) ENGINE=InnoDB DEFAULT CHARSET=utf8;

--
-- Dumping data for table `news`
--

INSERT INTO `news` (`newsid`, `news_title`, `news_img`, `news_intro`, `news_full`, `news_source`, `news_date`, `news_public`, `cateid`, `userid`) VALUES
(2, 'Tình cờ quay được \"vật thể bay không xác định\"', '1399963010_ufo-camera.jpg', 'Camera giám sát tự động tại một khu công nghiệp ở Nga đã ghi lại hình ảnh một vật thể bay không xác định, gây ra những tranh cãi trên Internet về khả năng tồn tại đĩa bay của người ngoài hành tinh.', '<div>Video giám sát tự động tại một khu công nghiệp ở thành phố Prokopyevsky (Nga) đã ghi lại hình ảnh một vật thể bay không xác định xuất hiện trên một con đường tối. Vật thể bay di chuyển với tốc độ khá nhanh và xuất hiện trước ống kính camera tự động 2 lần trước khi biến mất.</div>\r\n\r\n<div> </div>\r\n\r\n<div>Đoạn clip sau khi được đăng tải và chia sẻ lên Youtube đã nhanh chóng gây được sự chú ý và nhiều sự phản hồi từ người xem. Nhiều người cho rằng thực chất vật thể di chuyển là một con côn trùng hoặc một động vật nào đó, nhưng nhiều ý kiến đã phủ nhận điều này vì tốc độ di chuyển của vật thể bay không xác định này nhanh hơn và kích thước to hơn các loài côn trùng.</div>\r\n\r\n<div> </div>\r\n\r\n<div>Nhiều ý kiến lại cho rằng đây là vật thể gián điệp của quân đội, trong khi đó có không ít ý kiến cho rằng đây là vật thể bay của người ngoài hành tinh.</div>\r\n\r\n<div> </div>\r\n\r\n<div>Hiện sự thật về vật thể bay này vẫn chưa được xác định và vẫn còn gây nên nhiều tranh cãi từ phía những người xem.</div>\r\n\r\n<div style=\"text-align: right;\"><strong>T.Thủy</strong></div>', 'dantri.com.vn', 1399963010, 'Y', 15, 1),
(3, 'Máy bay Boeing 727 cũ thành khách sạn hạng sang', '1399963095_boing.jpg', 'Một chiếc máy bay chở khách Boeing 727 cũ dự định bị \"xẻ thịt\" bán sắt vụn đã được biến thành một khách sạn sang trọng giữa thiên nhiên tươi đẹp.', '<div><img alt=\"Máy bay Boeing cũ thành khách sạn hạng sang\" src=\"http://dantri4.vcmedia.vn/6DQQJ7yW5QPfG6EzuGal/Image/2014/05/tn_1-9d5b6.jpg\" /><br />\r\nKhách sạn Máy bay với 2 phòng ngủ tiện nghi này tọa lạc trên một chiếc Boeing 727 cũ của hãng hàng không Avianca Airlines (Colombia), từng đưa hành khách tới khắp nơi trên thế giới.</div>\r\n\r\n<div> </div>\r\n\r\n<div><img alt=\"Máy bay Boeing cũ thành khách sạn hạng sang\" src=\"http://dantri4.vcmedia.vn/6DQQJ7yW5QPfG6EzuGal/Image/2014/05/tn_12-9d5b6.jpg\" /></div>\r\n\r\n<div>Khách sạn được đặt tại một vị trí nhiều cây xanh và hướng ra biển, giúp du khách được tận hưởng không khí trong lành, mát mẻ của thiên nhiên.</div>\r\n\r\n<div> </div>\r\n\r\n<div><img alt=\"Khách sạn bao gồm 2 phòng ngủ, 2 phòng vệ sinh, bếp, phòng ăn và khu vực sân thượng.\" src=\"http://dantri4.vcmedia.vn/6DQQJ7yW5QPfG6EzuGal/Image/2014/05/tn_2-9d5b6.jpg\" /></div>\r\n\r\n<div>Khách sạn bao gồm 2 phòng ngủ, 2 phòng vệ sinh, bếp, phòng ăn và khu vực sân thượng.</div>\r\n\r\n<div> </div>\r\n\r\n<div><img alt=\"Một phòng ngủ trên khách sạn máy bay.\" src=\"http://dantri4.vcmedia.vn/6DQQJ7yW5QPfG6EzuGal/Image/2014/05/tn_3-9d5b6.jpg\" /></div>\r\n\r\n<div>Một phòng ngủ trên khách sạn Máy bay.</div>\r\n\r\n<div> </div>\r\n\r\n<div><img alt=\"Các đồ đạc bên trong được làm bằng gỗ, gần gũi với môi trường xung quanh.\" src=\"http://dantri4.vcmedia.vn/6DQQJ7yW5QPfG6EzuGal/Image/2014/05/tn_10-9d5b6.jpg\" /></div>\r\n\r\n<div>Các đồ đạc bên trong được làm bằng gỗ, gần gũi với môi trường xung quanh.</div>\r\n\r\n<div> </div>\r\n\r\n<div><img alt=\"Một phòng tắm của khách sạn.\" src=\"http://dantri4.vcmedia.vn/6DQQJ7yW5QPfG6EzuGal/Image/2014/05/tn_8-9d5b6.jpg\" /></div>\r\n\r\n<div>Một phòng tắm của khách sạn.<br />\r\n<br />\r\n<img alt=\"Một phòng tắm của khách sạn.\" src=\"http://dantri4.vcmedia.vn/6DQQJ7yW5QPfG6EzuGal/Image/2014/05/tn_4-9d5b6.jpg\" /></div>\r\n\r\n<div>Sau khi bị thải hồi, chiếc máy bay Boeing 727 đã được vận chuyển từ sân bay quốc tế San Jose tới làng Quepos, Costa Rica để được tân trang thành một khách sạn hạng sang.</div>\r\n\r\n<div> </div>\r\n\r\n<div><img alt=\"Một phòng tắm của khách sạn.\" src=\"http://dantri4.vcmedia.vn/6DQQJ7yW5QPfG6EzuGal/Image/2014/05/tn_11-9d5b6.jpg\" /></div>\r\n\r\n<div>Khách sạn tọa lạc trong khu nghỉ dưỡng Costa Verde, gần công viên quốc gia Manuel Antonia.</div>\r\n\r\n<div> </div>\r\n\r\n<div><img alt=\"Một phòng tắm của khách sạn.\" src=\"http://dantri4.vcmedia.vn/6DQQJ7yW5QPfG6EzuGal/Image/2014/05/tn_6-9d5b6.jpg\" /><br />\r\n<br />\r\n<img alt=\"Một phòng tắm của khách sạn.\" src=\"http://dantri4.vcmedia.vn/6DQQJ7yW5QPfG6EzuGal/Image/2014/05/tn_7-9d5b6.jpg\" /></div>\r\n\r\n<div> </div>\r\n\r\n<div><img alt=\"Một phòng tắm của khách sạn.\" src=\"http://dantri4.vcmedia.vn/6DQQJ7yW5QPfG6EzuGal/Image/2014/05/tn_5-9d5b6.jpg\" />\r\n<div>Khách sạn nằm ở độ cao 15 m so với mặt đất.</div>\r\n</div>\r\n\r\n<div><br />\r\n<img alt=\"Một phòng tắm của khách sạn.\" src=\"http://dantri4.vcmedia.vn/6DQQJ7yW5QPfG6EzuGal/Image/2014/05/tn_9-9d5b6.jpg\" /></div>\r\n\r\n<div>Ở độ cao đó, du khách có thể ngắm nhìn núi rừng, biển cả từ cả trong phòng ngủ lẫn khu vực sân thượng được thiết kế bên trên các cánh máy bay.</div>\r\n\r\n<div><strong>Ninh Vân</strong></div>\r\n\r\n<div>Theo <em>Telegraph</em></div>', 'dantri.com.vn', 1399963095, 'Y', 15, 1),
(4, 'Dọa ma bạn để trả thù', '1399963188_doama.jpg', 'Màn dàn dựng dọa ma hoàn hảo của một cặp đôi ở Cộng hòa Séc đã khiến cho anh bạn đi cùng xe có một phen hú vía. Người xem sẽ không thể nhịn cười khi xem clip này.', '<p><img alt=\"Màn dọa ma được anh\" src=\"http://dantri4.vcmedia.vn/WrRKJqj3Wu15RbJTsCUp/Image/2014/05/1-f7024.JPG\" /><br />\r\nMàn dọa ma được anh Cenek dàn dựng một cách rất bài bản để dọa người bạn đi cùng xe - anh Erik.</p>\r\n\r\n<p><img alt=\"Cả hai đang lái xe đi trong đêm tối thì\" src=\"http://dantri4.vcmedia.vn/WrRKJqj3Wu15RbJTsCUp/Image/2014/05/2-f7024.JPG\" /><br />\r\nCả hai đang lái xe đi trong đêm tối thì Cenek giả vờ buồn đi tiểu và dừng xe lại để đi. Một lúc sau, Cenek chạy lại xe với vẻ mặt hoảng loạn và sợ hãi. Erik không hiểu chuyện gì xảy ra và cho rằng Cenek giả vờ.</p>\r\n\r\n<p><img alt=\"Sau đó\" src=\"http://dantri4.vcmedia.vn/WrRKJqj3Wu15RbJTsCUp/Image/2014/05/3-f7024.JPG\" /><br />\r\nSau đó Cenek bật đèn pha ô-tô lên thì bất ngờ một bóng ma phụ nữ trắng toát xuất hiện trước ô-tô. Cenek tắt đèn ô tô sau đó lại bật lên một lần nữa, lúc này bóng ma biến mất về phía sau xe khiến cho Erik hoảng loạn.</p>\r\n\r\n<p><img alt=\"Sau đó\" src=\"http://dantri4.vcmedia.vn/WrRKJqj3Wu15RbJTsCUp/Image/2014/05/4-f7024.JPG\" /><br />\r\nTrong lúc đang sợ hãi thì một người phụ nữ thứ 2 nằm sẵn sau xe bất ngờ xuất hiện phía sau và tấn công Erik khiến anh có một phen hú vía.</p>\r\n\r\n<p><img alt=\"Màn dọa ma này được\" src=\"http://dantri4.vcmedia.vn/WrRKJqj3Wu15RbJTsCUp/Image/2014/05/5-f7024.JPG\" /><br />\r\nMàn dọa ma này được Cenek thực hiện để trả thù vụ việc trước đó Erik cho anh uống thuốc ngủ, thay áo ngủ của phụ nữ cho Cenek sau đó khiêng anh ra nằm giữa đường phố đông người. Khi Cenek tỉnh dậy không biết chuyện gì đã xảy ra, trước mắt anh chỉ thấy có hàng trăm người đang đứng cười một cách khoái chí.</p>', 'dantri.com.vn', 1399963188, 'Y', 15, 1),
(5, 'Thái Lan sẽ không còn là thị trường ô tô lớn nhất ASEAN', '1399963273_oto-thailan.jpg', 'Dự báo này không mới, đã được đưa ra từ cách đây vài năm, nhưng giờ đây được nhắc lại vì nhiều khả năng sẽ xảy ra trong năm 2014 này. Và tiếm ngôi Thái Lan sẽ là Indonesia.', '<p>Theo hãng tin <em>Reuters</em>, sự thay đổi này sẽ diễn ra ngay trong năm nay, do sự gia tăng nhu cầu tiêu thụ xe giá rẻ, thân thiện với môi trường và sự mở rộng của tầng lớp trung lưu ở Indonesia.</p>\r\n\r\n<p> </p>\r\n\r\n<p>So với năm ngoái, tiêu thụ ô tô của Indonesia trong tháng 3 đã tăng 17,8%, theo số liệu từ Hiệp hội ngành công nghiệp ô tô Indonesia (Gaikindo), cao hơn 2 lần so với mức dự báo tăng trưởng 8,3% được đưa ra trước đó một tháng.</p>\r\n\r\n<p> </p>\r\n\r\n<p>Trong khi đó, theo số liệu của Liên hiệp ngành công nghiệp Thái Lan, tiêu thụ ô tô của nước này đã giảm 45% cùng kỳ. Trong quý I năm nay, mức tiêu thụ ô tô tại Thái Lan chỉ đạt 224.171 chiếc, giảm gần 46% so với cùng kỳ năm ngoái.</p>\r\n\r\n<p><img alt=\"Thái Lan sẽ không còn là thị trường ô tô lớn nhất ASEAN\" src=\"http://dantri4.vcmedia.vn/oEj8Djn5XzGK0De5Uol4/Image/2014/05/Tuan2/bkk_11_01-c0feb.JPG\" /><br />\r\n </p>\r\n\r\n<p> </p>\r\n\r\n<p>Theo dự báo của công ty nghiên cứu thị trường Frost & Sullivan, tiêu thụ ô tô tại Thái Lan trong năm 2014 này sẽ giảm 11,7% xuống còn 1,175 triệu chiếc, do tình hình chính trị bất ổn.</p>\r\n\r\n<p> </p>\r\n\r\n<p>Mục tiêu doanh số gần 1,2 triệu xe mà Liên hiệp ngành công nghiệp Thái Lan đưa ra cho năm 2014 có thể sẽ phải điều chỉnh giảm xuống vào giữa năm nay, do mức tiêu thụ xe trong quý I chưa được 100.000 chiếc/tháng, theo tờ <em>Bangkok Post</em>.</p>\r\n\r\n<p> </p>\r\n\r\n<p>Cùng với việc tiêu thụ giảm, sản lượng ô tô tại Thái Lan trong tháng 3 cũng đã giảm 29% so với năm ngoái, xuống còn 181.334 chiếc. Tính gộp 3 tháng đầu năm nay, tổng sản xuất ô tô của Thái Lan đạt 517.492 chiếc, giảm gần 29% so với cùng kỳ năm ngoái.</p>\r\n\r\n<p> </p>\r\n\r\n<p>Tuy nhiên, trong tháng 3, xuất khẩu lại tăng lên mức cao nhất trong vòng 6 tháng, với 113.313 chiếc, tăng 8,77% so với tháng 3 năm ngoái.</p>\r\n\r\n<p> </p>\r\n\r\n<p>Có nhiều yếu tố dẫn tới sự sụt giảm tiêu thụ ô tô tại Thái Lan, như việc chính phủ dừng chương trình hỗ trợ người mua ô tô lần đầu và tình hình kinh tế suy giảm. Sức mua của người tiêu dùng Thái Lan giảm xuống trong bối cảnh nợ nần nhiều, cùng với tình hình chính trị bất ổn khiến thị trường ô tô nước này ảm đạm hơn.</p>\r\n\r\n<p><img alt=\"Biểu tình trên đường phố Bangkok, Thái Lan\" src=\"http://dantri4.vcmedia.vn/oEj8Djn5XzGK0De5Uol4/Image/2014/05/Tuan2/bkk-protests-630x411_01-c0feb.JPG\" /></p>\r\n\r\n<p>Biểu tình trên đường phố Bangkok, Thái Lan</p>\r\n\r\n<p> </p>\r\n\r\n<p>Toyota cho biết có thể sẽ xem xét lại kế hoạch đầu tư 20 tỷ baht (hơn 600.000 USD) vào Thái Lan và sẽ cân nhắc cắt giảm sản xuất tại đây nếu tình hình bất ổn chính trị kéo dài. Các nhà sản xuất ô tô khác cũng đang lên kế hoạch hãm sản xuất và đầu tư tại Thái Lan - nền kinh tế lớn thứ hai khu vực.</p>\r\n\r\n<p> </p>\r\n\r\n<p>Trong khi đó, nền kinh tế Indonesia có thể sẽ có tốc độ tăng trưởng tăng lên mức 5,9% trong năm nay. Bên cạnh đó, nước này đã triển khai các kế hoạch khuyến khích người dân mua ô tô, như giới thiệu chính sách Ô tô xanh giá rẻ (LCGC) và một loạt mẫu xe nhỏ giá rẻ được tung ra thị trường.</p>\r\n\r\n<p> </p>\r\n\r\n<p>Tiêu thụ ô tô ở Indonesia được dự báo sẽ tăng 6,5% lên 1,31 triệu xe trong năm nay.</p>\r\n\r\n<p> </p>\r\n\r\n<p>Một kết quả khảo sát thị trường hồi năm ngoái của Daihatsu đã đưa ra dự báo rằng đến năm 2020, khoảng 5 triệu hộ gia đình ở Indonesia sẽ có khả năng mua ô tô mới, cao hơn 2 lần so với con số hồi năm 2010, và với chính sách LCGC, con số thậm chí có thể tăng lên 12 triệu hộ gia đình.</p>\r\n\r\n<p> </p>\r\n\r\n<p>Tuy nhiên, tham vọng của Indonesia về việc trở thành một trung tâm sản xuất ô tô của khu vực Đông Nam Á có thể bị cản trở bởi một số yếu tố, như thực trạng dân số già, cơ sở hạ tầng chưa đáp ứng được, và nguồn cung cấp điện còn yếu - tất cả là hệ quả của nhiều thập kỷ vốn đầu tư thấp và tình trạng quan liêu.</p>\r\n\r\n<p> </p>\r\n\r\n<p><strong>Lê Lan</strong><br />\r\n<em>Tổng hợp</em></p>', 'dantri.com.vn', 1399963273, 'Y', 13, 1),
(6, 'Audi R8 LMX là xe đầu tiên trên thế giới dùng đèn laser', '1399963337_audi-ru.jpg', 'Có vẻ như Audi đã nhanh chân hơn đối thủ BMW trong việc đưa công nghệ đèn laser ra thị trường.', '<p>Hồi tháng 2, BMW cho biết i8 sẽ là mẫu xe sản xuất thực tế đầu tiên trên thế giới được trang bị đèn pha laser bắt đầu từ mùa thu năm nay. Tuy nhiên, Audi đã nhanh chân hơn một bước khi cho ra đời phiên bản giới hạn đặc biệt R8 LMX sử dụng đèn pha laser dự kiến có mặt trên thị trường trong mùa hè này.</p>\r\n\r\n<p><img alt=\"Download trọn bộ hình nền độ phân giải cao mẫu xe\" src=\"http://dantri4.vcmedia.vn/oEj8Djn5XzGK0De5Uol4/Image/2014/05/Tuan2/Audi-R8-LMX-13_01-5cd43.JPG\" /></p>\r\n\r\n<p> </p>\r\n\r\n<p>Audi cho biết với công nghệ đèn pha mới này giúp tăng đáng kể khả năng chiếu sáng, kết hợp với công nghệ đèn pha LED Matrix mới của hãng. Audi giải thích chi tiết về công nghệ này như sau:</p>\r\n\r\n<p> </p>\r\n\r\n<p>\"Mỗi mô-đun laser ở đèn pha sẽ cho một dải sáng hình nón có khoảng chiếu sáng gấp hai lần cả cụm đèn pha LED. Mỗi mô-đun bao gồm 4 đi-ốt laser công suất cao với đường kính chỉ 300 micro mét nhưng lại tạo ra được một chùm tia laser màu xanh với bước sáng lên đến 450 nano mét. Các chùm sáng đi qua một bộ chuyển đổi phosphor sẽ thành ánh sáng trắng phù hợp với giao thông, với nhiệt độ màu là 5500 Kelvin - lý tưởng cho mắt người, cho phép người lái xe nhận biết sự tương phản dễ dàng hơn giúp ngăn ngừa mệt mỏi\".</p>\r\n\r\n<p> </p>\r\n\r\n<p>Các mô-đun laser chỉ hoạt động khi xe chạy ở tốc độ từ 60km/h trở lên và có vai trò hỗ trợ cho đèn pha LED ở xe R8 LMX, giúp tăng độ chiếu sáng và an toàn. Hệ thống cảm biến sử dụng camera thông minh sẽ giúp phát hiện các xe khác trên đường và tự động điều chỉnh ánh sáng để chống lóa.</p>\r\n\r\n<p> </p>\r\n\r\n<p>Ngoài công nghệ đèn pha laser, xe R8 LMX còn được trang bị phiên bản đã có một số hiệu chỉnh của động cơ V10 dung tích 5,2 lít, với công suất cực đại 562 mã lực và mô-men xoắn 540Nm. Như vậy so với bản R8 V10 Plus, LMX có công suất tăng thêm 20 mã lực mặc dù mô-men xoắn tương đương.</p>\r\n\r\n<p> </p>\r\n\r\n<p>Xe sử dụng hệ dẫn động bốn bánh quattro và hộp số ly hợp kép 7 cấp \"S tronic\". Tất cả giúp LMX có khả năng tăng tốc từ 0 lên 100km/h chỉ trong 3,4 giây và đạt tốc độ tối đa 320km/h, tiêu thụ nhiên liệu trung bình 12,9 lít/100km, với lượng khí thải CO2 là 299 gr/km.</p>\r\n\r\n<p> </p>\r\n\r\n<p>Điểm khác biệt của Audi R8 LMX so với bản tiêu chuẩn bao gồm sơn ngoại thất màu xanh pha lê Ara và phanh đĩa gốm sợi carbon kết hợp bộ vành hợp kim 19” và lốp kích cỡ 235/35 R 19 phía trước, 305/30 R 19 tại phía sau.</p>\r\n\r\n<p> </p>\r\n\r\n<p>Một số chi tiết khác trên xe được làm bằng vật liệu sợi carbon, như cánh gió cố định phía sau, một số chi tiết trên cản trước, chụp gương cửa, bộ khuếch tán gió sau, nắp khoang động cơ...</p>\r\n\r\n<p> </p>\r\n\r\n<p>Bên trong, Audi trang bị cho R8 LMX ghế thể thao bọc da Nappa may chần chỉ hình quả trám. Da bọc táp-lô, ốp cửa, vô lăng và phanh tay được may chỉ màu xanh nổi bật.</p>\r\n\r\n<p> </p>\r\n\r\n<p>Sẽ chỉ có 99 chiếc Audi R8 LMX được sản xuất, với giá bán từ 210.000 euro (tương đương 289.000 USD) tại Đức.</p>\r\n\r\n<p> </p>\r\n\r\n<p>Một số hình ảnh xe Audi R8 LMX:</p>\r\n\r\n<p><img alt=\"Download trọn bộ hình nền độ phân giải cao mẫu xe\" src=\"http://dantri4.vcmedia.vn/oEj8Djn5XzGK0De5Uol4/Image/2014/05/Tuan2/Audi-R8-LMX-2_01-5cd43.JPG\" /></p>\r\n\r\n<p><img alt=\"Download trọn bộ hình nền độ phân giải cao mẫu xe\" src=\"http://dantri4.vcmedia.vn/oEj8Djn5XzGK0De5Uol4/Image/2014/05/Tuan2/Audi-R8-LMX-6_01-5cd43.JPG\" /></p>\r\n\r\n<p><img alt=\"Download trọn bộ hình nền độ phân giải cao mẫu xe\" src=\"http://dantri4.vcmedia.vn/oEj8Djn5XzGK0De5Uol4/Image/2014/05/Tuan2/Audi-R8-LMX-3_01-5cd43.JPG\" /><br />\r\n<br />\r\n<img alt=\"Download trọn bộ hình nền độ phân giải cao mẫu xe\" src=\"http://dantri4.vcmedia.vn/oEj8Djn5XzGK0De5Uol4/Image/2014/05/Tuan2/Audi-R8-LMX-16_01-5cd43.JPG\" /><br />\r\n<br />\r\n<img alt=\"Download trọn bộ hình nền độ phân giải cao mẫu xe\" src=\"http://dantri4.vcmedia.vn/oEj8Djn5XzGK0De5Uol4/Image/2014/05/Tuan2/Audi-R8-LMX-17_01-5cd43.JPG\" /><br />\r\n<br />\r\n<img alt=\"Download trọn bộ hình nền độ phân giải cao mẫu xe\" src=\"http://dantri4.vcmedia.vn/oEj8Djn5XzGK0De5Uol4/Image/2014/05/Tuan2/Audi-R8-LMX-18_01-5cd43.JPG\" /><br />\r\n<br />\r\n<img alt=\"Download trọn bộ hình nền độ phân giải cao mẫu xe\" src=\"http://dantri4.vcmedia.vn/oEj8Djn5XzGK0De5Uol4/Image/2014/05/Tuan2/Audi-R8-LMX-19_01-5cd43.JPG\" /><br />\r\n<br />\r\n<img alt=\"Download trọn bộ hình nền độ phân giải cao mẫu xe\" src=\"http://dantri4.vcmedia.vn/oEj8Djn5XzGK0De5Uol4/Image/2014/05/Tuan2/Audi-R8-LMX-12_01-5cd43.JPG\" /><br />\r\n<br />\r\n<img alt=\"Download trọn bộ hình nền độ phân giải cao mẫu xe\" src=\"http://dantri4.vcmedia.vn/oEj8Djn5XzGK0De5Uol4/Image/2014/05/Tuan2/Audi-R8-LMX-4_01-5cd43.JPG\" /><br />\r\n<br />\r\n<img alt=\"Download trọn bộ hình nền độ phân giải cao mẫu xe\" src=\"http://dantri4.vcmedia.vn/oEj8Djn5XzGK0De5Uol4/Image/2014/05/Tuan2/Audi-R8-LMX-5_01-5cd43.JPG\" /><br />\r\n </p>\r\n\r\n<p> </p>\r\n\r\n<p>Download trọn bộ hình nền độ phân giải cao mẫu xe Audi R8 LMX <a href=\"http://4wheelstheme.com/slideshows/audi-r8-lmx/\" target=\"_blank\">tại đây</a>.</p>\r\n\r\n<p> </p>\r\n\r\n<p><strong>Phạm Trung Đức</strong></p>\r\n\r\n<p>Theo <em>Carscoops</em></p>', 'dantri.com.vn', 1399963337, 'Y', 13, 1),
(7, 'Từ 15/6: Đội mũ bảo hiểm rởm khi điều khiển xe môtô sẽ bị xử phạt', '1399963422_mubaohiem.jpg', 'Từ ngày 15/6/2014, người tham gia giao thông sử dụng các loại mũ không phải mũ bảo hiểm sẽ bị phạt như hành vi không đội mũ bảo hiểm.', '<p>Nhằm tiếp tục thực hiện Chỉ thị số 04 của Thủ tướng - Chính phủ về tăng cường quản lý sản xuất, kinh doanh và sử dụng mũ bảo hiểm cho người đi môtô, xe máy và xe đạp máy khi tham gia giao thông, Uỷ ban An toàn giao thông Quốc gia vừa có văn bản yêu cầu Uỷ ban An toàn giao thông các tỉnh, thành phố siết chặt việc quản lý sản xuất, kinh doanh và sử dụng mũ bảo hiểm.</p>\r\n\r\n<p>Qua đó, từ ngày 15.6, không chỉ doanh nghiệp sản xuất, kinh doanh mũ không phải mũ bảo hiểm cho người đi môtô, xe máy, xe đạp điện bị xử lý mà chính người tham gia giao thông sử dụng các loại mũ này cũng sẽ bị phạt như hành vi không đội mũ bảo hiểm.</p>\r\n\r\n<p>Được biết, chiến dịch này thuộc kế hoạch số 69 của Uỷ ban An toàn giao thông Quốc gia và được triển khai vào đúng tháng cao điểm nắng nóng của mùa hè, khi mà thói quen đội mũ bảo hiểm của người tham gia giao thông có phần chệch choạc hơn bởi sự lên ngôi của những loại mũ thời trang trên thị trường nhưng không có chức năng bảo hiểm, bảo vệ đầu cho người sử dụng môtô.</p>\r\n\r\n<p>Theo <strong>Đ.T</strong><br />\r\n<em>Lao động</em></p>', 'dantri.com.vn', 1399963422, 'Y', 13, 1),
(8, 'Các đơn vị đăng kiểm xe cơ giới làm việc cả ngày Chủ nhật', '1399963492_dangkiemxe.jpg', 'Cục Đăng kiểm Việt Nam vừa có văn bản yêu cầu các đơn vị đăng kiểm xe cơ giới trên toàn quốc triển khai ngay một số biện pháp để giải quyết tình trạng ùn ứ phương tiện tại các trung tâm đăng kiểm.', '<p>Theo đó, các đơn vị cần giải thích rõ lý do ùn ứ để tránh gây bức xúc cho chủ phương tiện.</p>\r\n\r\n<p>Khi ra thông báo phương tiện không đạt yêu cầu phải ghi đầy đủ các hạng mục cần sửa chữa và hướng dẫn chủ phương tiện khắc phục hết các lỗi mới quay trở lại kiểm định. Đối với các phương tiện không đạt, sau khi ra thông báo và hướng dẫn chủ phương tiện đi sửa chữa, đơn vị đăng kiểm kiên quyết yêu cầu chủ xe di chuyển phương tiện ra khỏi đơn vị đi sửa chữa để tránh ùn tắc.</p>\r\n\r\n<p>Đặc biệt, Cục Đăng kiểm Việt Nam yêu cầu các đơn vị đăng kiểm căn cứ vào tình hình thực tế, xem xét bố trí nhân lực và phân ca làm thêm ngày Chủ nhật.</p>\r\n\r\n<p>Theo <strong>Ngọc Anh</strong><br />\r\n<em>Kinh tế đô thị</em></p>', 'dantri.com.vn', 1399963492, 'Y', 13, 1),
(9, 'Thêm một game di động của tác giả người Việt \"gây sốt\" thế giới', '1399963555_turtle-rock-av-b193f.jpg', 'Mới chỉ xuất hiện trên kho ứng dụng App Store của iOS nhưng trò chơi “Turtle Rock” của tác giả người Việt đến từ Ninh Thuận đã nhanh chóng gây được sự chú ý của giới công nghệ và game thủ vì nội dung thú vị và mục đích hoạt động hết sức ý nghĩa.', '<div>“Turtle Rock” là một tựa game nhỏ và đơn giản trên nền tảng iOS, được phát triển bởi 2 chàng sinh viên đến từ 2 quốc gia khác nhau, Huy Đặng, sinh viên đến từ Việt Nam và Arsen Nikiforouk, đến từ Ukraine.</div>\r\n\r\n<div> </div>\r\n\r\n<div>Huy Đặng sinh ra và lớn lên tại Phan Rang (Ninh Thuận), trong khi đó Nikiforouk trưởng thành từ một làng quê ở thành phố Illintsi (Ukraine). Cả 2 gặp nhau tại trường Đại học Drexel University (bang Philadelphia, Mỹ) khi đều xuất sắc giành được học bổng tại ngôi trường này.</div>\r\n\r\n<div> </div>\r\n\r\n<div>\r\n<div><img alt=\"Tác giả Huy Đặng (phải) và Arsen Nokiforouk của trò chơi “Turtle Rock”\" src=\"http://dantri4.vcmedia.vn/tI0YUx18mEaF5kMsGHJ/Image/2014/05/Turtle-Rock-1-b193f.jpg\" style=\"width:450px\" /></div>\r\n</div>\r\n\r\n<div>Tác giả Huy Đặng (phải) và Arsen Nokiforouk của trò chơi “Turtle Rock”</div>\r\n\r\n<div> </div>\r\n\r\n<div>Cả 2 đều theo học về lĩnh vực kinh doanh và đã cùng nhau hợp tác để khởi nghiệp và phát triển một mô hình kinh doanh có hệ thống giúp gây quỹ từ thiện và giúp đỡ những người cần nhất.</div>\r\n\r\n<div> </div>\r\n\r\n<div>Dự án đầu tiên của cả 2 đó là “Turtle Rock”, một tựa game đơn giản trên nền tảng iOS. Với cách chơi đơn giản và nội dung đồ họa theo phong cách game 8-bit cổ điển, người chơi sẽ điều khiển một chú rùa để tránh những ngọn lửa và những con quái vật. Để ghi điểm cao hơn, người chơi sẽ hướng chú rùa vào những con quái vật màu đỏ.</div>\r\n\r\n<div> </div>\r\n\r\n<div>Cách chơi đơn giản nhưng cũng không kém phần hấp dẫn, tuy nhiên điểm đặc biệt của “Turtle Rock” đó là người chơi sẽ đóng góp từ thiện thông qua những lần chơi của mình.</div>\r\n\r\n<div> </div>\r\n\r\n<div>Huy Đặng và Arsen Nikiforouk sẽ đặt quảng cáo trên trò chơi miễn phí của mình, và toàn bộ doanh thu từ quảng cáo trên trò chơi sẽ được quyền góp toàn bộ cho các tổ chức từ thiện. Ngoài ra, với những người chơi đạt số điểm trên 200 và chia sẻ lên trò chơi, 2 tác giả sẽ quyên góp thêm 20USD vào số tiền được quyên góp từ thiện.</div>\r\n\r\n<div> </div>\r\n\r\n<div>Nói cách khác, “Turtle Rock” hoạt động với mục đích phi lợi nhuận và những khoản tiền thu được từ quảng cáo trên trò chơi này chỉ nhằm mục đích quyên góp và ủng hộ từ thiện.</div>\r\n\r\n<div> </div>\r\n\r\n<div>\r\n<div><img alt=\"“Turtle Rock” có đồ họa đơn giản theo phong cách cổ điển và kiểu chơi thú vị\" src=\"http://dantri4.vcmedia.vn/tI0YUx18mEaF5kMsGHJ/Image/2014/05/Turtle-Rock-2-b193f.jpg\" style=\"width:450px\" /></div>\r\n</div>\r\n\r\n<div>“Turtle Rock” có đồ họa đơn giản theo phong cách cổ điển và kiểu chơi thú vị</div>\r\n\r\n<div> </div>\r\n\r\n<div>Hiện tại Huy và Arsen đang hợp tác với một tổ chức từ thiện tại Việt Nam để cung cấp viện trợ y tế và chăm sóc sức khỏe cho trẻ em tại Ninh Thuận, quê nhà của Huy. Ngoài ra, 2 tác giả này cũng hợp tác với các  tổ chức từ thiện quốc tế khác như Hội Chữ thập đỏ, UNICEF… để đóng góp từ thiện.</div>\r\n\r\n<div> </div>\r\n\r\n<div>Mặc dù trò chơi “Turtle Rock” chỉ mới được xuất hiện từ giữa tháng 4 vừa qua trên App Store nhưng đã nhanh chóng thu hút được sự chú ý của giới công nghệ và người chơi, không chỉ vì cách chơi độc đáo thú vị mà còn vì mục đích hoạt động rất ý nghĩa của trò chơi này.</div>\r\n\r\n<div> </div>\r\n\r\n<div>Người dùng có thể download và cài đặt “Turtle Rock” miễn phí <strong><a href=\"https://itunes.apple.com/us/app/turtle-rock/id859927082?mt=8\" target=\"_blank\">tại đây</a></strong>(tương thích iOS 7.1 trở lên).</div>\r\n\r\n<div> </div>\r\n\r\n<div><strong>Phạm Thế Quang Huy</strong></div>', 'dantri.com.vn', 1399963555, 'Y', 12, 1),
(10, 'Intel: Máy tính để bàn vẫn chưa \"chết\" tại Việt Nam', '1399963613_dsc02446-copy-2442f.jpg', 'Trong khuôn khổ Ngày hội Di động 2014 tại Việt Nam, Intel đã chia sẻ về định hướng trong lộ trình phát triển mảng di động của hãng, đồng thời cho biết trong năm qua, máy tính (PC) tăng trưởng 10% trong năm 2013 tại thị trường Việt.', '<div>\r\n<div><img alt=\"Ông Mai Sean Cang - Tổng giám đốc Intel Việt Nam.\" src=\"http://dantri4.vcmedia.vn/b8kQw8uQUcosD1p3Cbq/Image/2014/05/DSC02446-copy-2442f.jpg\" style=\"width:450px\" /></div>\r\n\r\n<div>Ông Mai Sean Cang - Tổng giám đốc Intel Việt Nam.</div>\r\n</div>\r\n\r\n<div> </div>\r\n\r\n<div>Ông Mai Sean Cang - Tổng giám đốc Intel Việt Nam cho biết, theo như các dự đoán của truyền thông, báo chí nước ngoài, máy tính (PC) sẽ \"chết\" và nhường lại vị trí cho các thiết bị di động nhưng ở Việt Nam điều này không xảy ra. Trong năm 2013, số lượng CPU cho các đại lý lắp ráp trong nước tăng 10%, đạt gần 800 ngàn máy tính để bàn. Đồng thời, tất cả thị trường PC đều tăng trưởng tốt chứ không có giảm so với năm trước đó. </div>\r\n\r\n<div> </div>\r\n\r\n<div>Lý giải về mức tăng trưởng tốt này, ông Cang cho rằng, ngày nay nhu cầu người dùng đang dịch chuyển nhiều, thay vì trước đó, họ chỉ có nhu cầu đơn giản lướt web, nghe nhạc, chơi game... giờ đây có thể thấy rằng, xu hướng sử dụng máy tính tại Việt Nam khá tương đồng với thị trường Hàn Quốc. Nổi lên là Thể thao điện tử, tính từ năm 2012 đến 2013, mức tăng trưởng rất nhanh, có đến 7 triệu hội viên đăng kí tham gia. Chính vì vậy, buộc các đơn vị cung cấp dịch vụ Internet tại VN phải đổi mô hình kinh doanh, nâng cấp thiết bị mạnh và tốt hơn nhằm phục vụ tốt cho Thể thao điện tử như ngày nay. </div>\r\n\r\n<div> </div>\r\n\r\n<div>Tuy vậy, theo ông Cang, thị trường và xu hướng người tiêu dùng cũng đã có nhiều thay đổi nhiều trong năm qua, khi thiết bị di động đang tăng trưởng mạnh mẽ. Năm 2013 chứng kiến sự bùng nổ của máy tính bảng và các thiết bị di động, trong đó chiếm ưu thế vượt trội nhất là máy tính bảng, chiếm đến 90% tổng số thiết bị bán ra toàn cầu (theo nghiên cứu của Garnet). Dự đoán trong năm nay, các thiết bị di động bán ra thị trường dự kiến đạt 2,5 triệu đơn vị, phục cho nhu cầu đang không ngừng tăng lên của người dùng, đặc biệt là khu vực châu Á - được xem là thị trường trọng tâm và tiềm năng trong năm 2014. </div>\r\n\r\n<div> </div>\r\n\r\n<div>Theo Intel, năm 2014, nhu cầu về máy tính bảng sẽ tăng trưởng vượt trội 32%, 59% trong số này thuộc về người dùng tại Ấn Độ, Indonesia, Nhật Bản và Australia. Hiện tại, khu vực Châu Á - Thái Bình Dương chiếm 15% nhu cầu sở hữu máy tính bảng trên toàn thế giới, thấp hơn Trung Quốc, nhưng với tốc độ cập nhật xu hướng di động nhanh đến chóng mặt của người dùng tại khu vực này, con số trên được dự báo sẽ vượt qua Trung Quốc để đạt tới 20% vào năm 2017, Việt Nam sẽ chiếm 3%. </div>\r\n\r\n<div> </div>\r\n\r\n<div>Chính vì vậy, mảng di động đóng một vai trò quan trọng trong lộ trình phát triển của Intel tại Việt Nam, và máy tính bảng chính là trọng tâm phát triển của hãng trong năm 2014. Intel cũng đang tích cực đẩy mạnh hợp tác chiến lược với các đối tác, nhà phát triển sản phẩm, cải tiến công nghệ... đồng thời hỗ trợ các nhà sản xuất thiết bị đầu cuối để cho ra đời nhiều thiết kế mới, phù hợp với xu hướng tiêu dùng của người châu Á. </div>\r\n\r\n<div> </div>\r\n\r\n<div>Cũng trong năm 2014, Intel sẽ cùng các đối tác đẩy mạnh phát triển của máy tính bảng lên bốn lần so với năm ngoái, đưa ra nhiều máy tính bảng hỗ trợ đa hệ điều hành, một loạt gồm hơn 87 nền tảng máy tính bảng và nhiều SKU cũng như các công cụ phát triển để phục vụ khách hàng và các nhà phát triển ứng dụng. Các nền tảng Intel từ Clover Trail+ đến các nền tảng mới nhất như Merrifield, Moorefield, Moorefield và Bay Trail dùng công nghệ 3G và LTE cũng sẽ được hãng tập trung hoàn thiện trong năm nay.  </div>\r\n\r\n<div> </div>\r\n\r\n<div><strong>Quốc Phan</strong></div>', 'dantri.com.vn', 1399963613, 'Y', 12, 1),
(11, 'Samsung nghiên cứu máy tính bảng màn hình 13,3 inch', '1399963710_sam-1972-1399945905_180x108.jpg', 'Chưa dừng lại ở màn hình 12,2 inch của Note Pro và Tab Pro, Samsung đang có kế hoạch tung ra tablet màn hình lớn ngang các mẫu laptop tầm trung.', '<div id=\"left_calculator\">\r\n<div>\r\n<table align=\"center\" border=\"0\" cellpadding=\"3\" cellspacing=\"0\" style=\"width:480px\">\r\n	<tbody>\r\n		<tr>\r\n			<td><img alt=\"Untitled-1-9958-1399945904.jpg\" src=\"http://m.f5.img.vnexpress.net/2014/05/13/Untitled-1-9958-1399945904.jpg\" style=\"border:0px; line-height:0; width:480px\" /></td>\r\n		</tr>\r\n		<tr>\r\n			<td>\r\n			<p>Các thiết bị mới của Samsung xuất hiện trong tài liệu nội bộ. </p>\r\n			</td>\r\n		</tr>\r\n	</tbody>\r\n</table>\r\n\r\n<p>Theo tài liệu nội bộ mới được công bố bởi<em> Gsmarena</em>, Samsung đang có mẫu máy tính bảng màn hình lớn 13,3 inch trong phòng thí nghiệm với tên mã Warhol. Sản phẩm này chạy hệ điều hành Android 4.4 KitKat với bộ giao diện tùy biến mới nhất của Samsung. Máy có hai phiên bản sử dụng kết nối khác nhau bao gồm T910 chỉ có Wi-Fi và T911 có cả kết nối 3G. Tài liệu không đề cập đến phiên bản có LTE nhưng nhiều khả năng máy sẽ mang phiên bản là T915. </p>\r\n\r\n<p>Điểm đáng tiếc là Warhol không trang bị màn hình Amoled 13,3 inch với độ phân giải 3.200 x 1.800 pixel như Samsung trình diễn riêng công nghệ hiển thị vào năm ngoái. Thay vào đó là màn hình LCD độ phân giải 2.560 x 1.600 pixel cho mật độ điểm ảnh 227 ppi. Máy có thể mang tên gọi là Tab Pro 13.3 tương tự như phiên bản trước là Tab Pro 12.2. </p>\r\n\r\n<p>Ngoài phiên bản cỡ lớn, hai thiết bị khác của Samsung cũng xuất hiện là model mang tên mã Chagall với màn hình 10,5 inch và Klimt màn hình 8,4 inch cùng độ phân giải WQHD công nghệ Super Amoled. Đây rất có thể là hai thiết bị thuộc dòng Galaxy Note. </p>\r\n\r\n<p>Trước đó vào đầu năm nay, Samsung đã ra mắt dòng máy tính bảng <a href=\"http://sohoa.vnexpress.net/tin-tuc/san-pham/may-tinh-bang/samsung-galaxy-tab-4-co-gia-chi-tu-199-usd-2982331.html\">Galaxy Tab thế hệ thứ 4</a> với 3 thiết bị màn hình 7 inch, 8 inch và 10,1 inch. </p>\r\n\r\n<p><strong>Tuấn Hưng</strong></p>\r\n</div>\r\n</div>', 'vnexpress.net', 1399963710, 'Y', 12, 1),
(12, 'HD 205 - tai nghe phong cách DJ giá mềm của Sennheiser', '1399963799_sennheiser-hd205-5055-1399886927_180x108.jpg', 'Với mức giá khoảng 1,5 triệu đồng, Sennheiser HD 205 là mẫu tai nghe thể hiện bass tốt, âm thanh tự nhiên, cách âm tốt, thiết kế xoay cho phép nghe nhạc dễ dàng bằng một tai.', '<div>\r\n<div id=\"article_content\">\r\n<div style=\"margin-left:auto;clear:both;\">\r\n<div><img alt=\"\" id=\"vne_slide_image_0\" src=\"http://l.f8.img.vnexpress.net/2014/05/12/sennheiser-hd205-5048-1399886913_660x0.jpg\" style=\"border:0px; float:none; line-height:0\" /> </div>\r\n\r\n<div>\r\n<p> </p>\r\n\r\n<p>Sennheiser HD 205 là mẫu tai nghe supra-aural hướng tới khách hàng dùng cùng điện thoại di động hay các máy nghe nhạc nhỏ gọn. Sản phẩm có cáp kết nối 3,5 mm dài 3 mét, giắc chuyển sang 6,3 mm đi kèm túi đựng thời trang.</p>\r\n\r\n<p> </p>\r\n</div>\r\n\r\n<div style=\"clear:both;\"> </div>\r\n</div>\r\n\r\n<div style=\"margin-left:auto;clear:both;\">\r\n<div><img alt=\"\" id=\"vne_slide_image_1\" src=\"http://l.f5.img.vnexpress.net/2014/05/12/sennheiser-hd205-5051-1399886920_660x0.jpg\" style=\"border:0px; float:none; line-height:0\" /> </div>\r\n\r\n<div>\r\n<p> </p>\r\n\r\n<p>So với Sennheiser HD 215, HD 205 có thiết kế tương đồng nhưng nhỏ gọn hơn, dây kết nối dài và không thể tháo rời. Tai nghe có tông màu đen được làm nổi bật bằng các chi tiết màu bạc như logo Sennheiser, mã sản phẩm và viền earcup.</p>\r\n\r\n<p> </p>\r\n</div>\r\n\r\n<div style=\"clear:both;\"> </div>\r\n</div>\r\n\r\n<div style=\"margin-left:auto;clear:both;\">\r\n<div><img alt=\"\" id=\"vne_slide_image_2\" src=\"http://l.f8.img.vnexpress.net/2014/05/12/sennheiser-hd205-5055-1399886927_660x0.jpg\" style=\"border:0px; float:none; line-height:0\" /> </div>\r\n\r\n<div>\r\n<p> </p>\r\n\r\n<p>Thiết kế tổng thể bằng nhựa nhưng Sennheiser luôn cho cảm giác trải nghiệm rất tốt, tai nghe có thể uốn cong vừa phải. HD 205 được Sennheiser đặt vào nhánh sản phẩm dành cho DJ do earcup bên phải có thể xoay linh hoạt, thuận tiện với việc nghe nhạc bằng một tai.</p>\r\n\r\n<p> </p>\r\n</div>\r\n\r\n<div style=\"clear:both;\"> </div>\r\n</div>\r\n\r\n<div style=\"margin-left:auto;clear:both;\">\r\n<div><img alt=\"\" id=\"vne_slide_image_3\" src=\"http://l.f8.img.vnexpress.net/2014/05/12/sennheiser-hd205-5062-1399886933_660x0.jpg\" style=\"border:0px; float:none; line-height:0\" /> </div>\r\n\r\n<div>\r\n<p> </p>\r\n\r\n<p>Pad hình oval kết hợp với headband dày giúp ôm tai, cách âm tốt nhưng thời gian đầu sử dụng cảm giác không thật sự thoải mái. Sau khi đeo một thời gian sẽ trải nghiệm sẽ tốt hơn.</p>\r\n\r\n<p> </p>\r\n</div>\r\n\r\n<div style=\"clear:both;\"> </div>\r\n</div>\r\n\r\n<div style=\"margin-left:auto;clear:both;\">\r\n<div><img alt=\"\" id=\"vne_slide_image_4\" src=\"http://l.f5.img.vnexpress.net/2014/05/12/sennheiser-hd205-5072-1399886947_660x0.jpg\" style=\"border:0px; float:none; line-height:0\" /> </div>\r\n\r\n<div>\r\n<p> </p>\r\n\r\n<p>Theo Sennheiser, HD 205 có tần số đáp ứng 14 Hz - 20 kHz, trở kháng 32 Ohm, độ nhạy 112 dB(SPL). Bass nhiều và uy lực vẫn là đặc trưng của Sennheiser và HD 205 cũng không phải ngoại lệ tuy vậy dải bass chưa thật sự căng và sâu. Mid yếu và treble làm tròn vai, độ chi tiết vừa phải.</p>\r\n\r\n<p> </p>\r\n</div>\r\n\r\n<div style=\"clear:both;\"> </div>\r\n</div>\r\n\r\n<div style=\"margin-left:auto;clear:both;\">\r\n<div><img alt=\"\" id=\"vne_slide_image_5\" src=\"http://l.f6.img.vnexpress.net/2014/05/12/sennheiser-hd205-5067-1399886941_660x0.jpg\" style=\"border:0px; float:none; line-height:0\" /> </div>\r\n\r\n<div>\r\n<p> </p>\r\n\r\n<p>Với giá khoảng 1,5 triệu đồng, HD 205 mang đến cho người dùng một chiếc tai nghe tốt, âm thanh tự nhiên đặc biệt thích hợp với thể loại Rock, Dance, Electronic đi cùng khả năng chống ồn ấn tượng.</p>\r\n\r\n<p> </p>\r\n</div>\r\n\r\n<div style=\"clear:both;\"> </div>\r\n</div>\r\n</div>\r\n\r\n<div>\r\n<p> </p>\r\n\r\n<p><em>Bài và ảnh:</em> <strong>Đình Nam</strong></p>\r\n</div>\r\n</div>', 'vnexpress.net', 1399963799, 'Y', 12, 1),
(13, 'Giao lưu trực tuyến: Bệnh mất ngủ và phương pháp điều trị hiệu quả', '1399963905_benhmatngu.jpg', 'Vào 14h chều nay (13/5), GS.TS. Lê Đức Hinh, Chủ tịch Hội thần kinh Học Việt Nam và GS.TS. Nguyễn Văn Chương, Chủ nhiệm Bộ môn Nội thần kinh, Viện Quân y 103 sẽ tư vấn những kiến thức cơ bản về bệnh mất ngủ và cách phòng ngừa, chữa bệnh.', '<p>Giấc ngủ con người cũng như thức ăn, nước uống nó là một phần tất yếu cho sự vận hành cơ chúng ta. Không những thế, ngủ ngon còn là điều quý nhất trong tứ khoái của con người. Nhưng thật không may, nếu ai đã từng rơi vào tình trạng mất ngủ sẽ cảm nhận thấy hậu quả tàn phá kiệt quệ sức khỏe và tinh thần của nó.</p>\r\n\r\n<p>Theo thống kê của tổ chức y tế, tại Việt Nam có khoảng 30% số người lớn tuổi thỉnh thoảng bị mất ngủ, 15% thường xuyên rối loạn giấc ngủ, người lao động trí óc, doanh nhân chiếm tỉ lệ cao hơn. Nguyên nhân của tình trạng mất ngủ bao gồm rất nhiều yếu tố tác động như tâm lý, bệnh tật, … Trong đó góp phần quan trọng là sự suy yếu lão của cơ thể mà hệ thống thần kinh là cơ quan nhạy cảm nhất nên mất ngủ âu cũng là điều khó có thể tránh khỏi.</p>\r\n\r\n<p>Chỉ cần vài đêm không ngủ được cũng sẽ là một nguy hiểm lớn. Nó khiến chúng ta cảm thấy mệt mỏi, rã rời chân tay, nhức đầu, tinh thần bị ảnh hưởng xấu, rất dễ cáu giận, trở nên nhạy cảm hay vô cùng “hiếu chiến”, mất tập trung ban ngày, mất khả năng suy nghĩ, giải quyết vấn đề…. Về lâu dài, thiếu ngủ dẫn có thể dẫn đến ung thư, mất cân bằng nội tiết tố, cao huyết áp, tim mạch, giảm thị lực, giảm khả năng miễn dịch, dễ bị kích thích…Càng căng thẳng, càng mất ngủ, người bệnh rơi vào một vòng xoáy khủng hoảng khao khát thoát ra càng sớm càng tốt, mong muốn được điều trị bằng bất kỳ phương pháp nào.</p>\r\n\r\n<p> </p>\r\n\r\n<p> </p>\r\n\r\n<p>Hiện nay, người bị mất ngủ thường nghĩ thuốc ngủ, an thần,… là cách chữa tốt nhất, thực tế không phải vậy. Thuốc chỉ có tác dụng tức thời, về lâu dài thì không rõ ràng, đều có ít nhiều nguy cơ gây nhờn, nghiện thuốc và làm tái phát mất ngủ trầm trọng. Bởi vậy, điều trị mất ngủ rất cần những cơ chế tác dụng theo kiểu tự nhiên.</p>\r\n\r\n<p><img alt=\"Khổ như người bị mất ngủ!\" src=\"http://dantri4.vcmedia.vn/FaA3gEccccccccccccos/Image/2014/05/khach-moi-1-0421d.jpg\" /></p>\r\n\r\n<p>Vậy bạn đang bị mất ngủ do nguyên nhân gì, nên điều trị theo phương pháp nào? Chế độ ăn uống nghỉ ngơi ra sao?... Ngay từ bây giờ, bạn có thể đặt câu hỏi và theo dõi chương trình giao lưu trực tuyến Bệnh mất ngủ và phương pháp điều trị hiệu quả sẽ diễn ra vào hồi 14h ngày 13/05/2014 với sự tham gia của các chuyên gia:</p>\r\n\r\n<p><strong>GS.TS. Lê Đức Hinh, Chủ tịch Hội thần kinh Học Việt Nam.</strong></p>\r\n\r\n<p><strong>GS.TS. Nguyễn Văn Chương, Chủ nhiệm Bộ môn Nội thần kinh, Viện Quân y 103.</strong></p>', 'dantri.com.vn', 1399963905, 'Y', 10, 1),
(14, 'Tự mổ đẻ cho vợ bằng dao phay, ca phẫu thuật chỉ có ở Việt Nam', '1399964027_gia-dinh-13514-73f7c.jpg', 'Không kịp đưa vợ đi bệnh viện, lại thấy vợ đau đớn quằn quại mà không sinh được, người chồng ở Phú Yên đã dùng dao phay mổ bụng vợ… Cái chết của người vợ sau ca mổ đã ám ảnh người chồng suốt quãng đời còn lại, khiến anh ta hóa điên.', '<div style=\"text-align: center;\"> <img alt=\"Bé Xuyến lúc nhỏ và cha mẹ nuôi\" src=\"http://dantri4.vcmedia.vn/FaA3gEccccccccccccos/Image/2014/05/gia-dinh-13514-73f7c.jpg\" /></div>\r\n\r\n<div style=\"text-align: center;\">Bé Xuyến lúc nhỏ và cha mẹ nuôi</div>\r\n\r\n<p>Câu chuyện kinh hoàng xảy ra vào ngày 8/1/1996 ở thôn Phước Hòa, xã Xuân Phước, huyện Đồng Xuân, tỉnh Phú Yên tại gia đình anh Nguyễn Dưỡng. Người thực hiện ca mổ đẻ bằng dao phay “có một không hai” này không ai khác chính là anh Nguyễn Dưỡng. Sau những giây phút kinh hoàng ấy, người mẹ đã vĩnh viễn ra đi. May thay đứa bé được cứu sống. Người chồng hóa điên, đứa bé sinh ra trong ca đỡ đẻ đặc biệt đó được một người phụ nữ ở cùng xã xin về làm con nuôi. Đã hơn 17 năm trôi qua nhưng câu chuyện về cô bé sinh ra trong một ca “phẫu thuật” có một không hai này đến nay vẫn còn là nỗi ám ảnh đối với người dân nơi đây.</p>\r\n\r\n<p>Ông Nguyễn Dưỡng (53 tuổi, người huyện Đồng Xuân, tỉnh Phú Yên) và bà Nguyễn Thị Mủn (người Bình Định) đi làm thuê ở xã Xuân Phước, họ gặp nhau và ăn ở với nhau có 2 mặt con, nhà nghèo không có chỗ ở, được người dân địa phương cho đất, vợ chồng ông dựng một căn nhà tranh, vách đất sống tạm qua ngày tháng. Hàng ngày hai vợ chồng phải làm thuê để kiếm sống. Hình như trời thương, sinh 2 đứa con liên tiếp, chị Mủn đều sinh một cách dễ dàng. Vậy mà khi chị có thai đứa thứ ba, đến ngày trở dạ, chị không thể sinh bình thường như trước được. Chị trở dạ nhưng mãi đến hơn 1 ngày sau vẫn chưa sinh được và đau vật vã từng cơn, càng lúc càng đuối sức. Nhưng nhà không có tiền để đi viện hay thuê y tá đến đỡ đẻ.</p>\r\n\r\n<p>Vợ càng lúc càng lên cơn đau đòi sống đòi chết, ông Dưỡng lấy 500 đồng sai con chạy ra quán mua lưỡi dao lam về để anh rạch bụng vợ kéo con ra, nếu không con sẽ chết ngạt. Đứa con đầu tất tả chạy đi rồi tất tả chạy về báo rằng là thiếu tiền nên người ta không bán vì dao lam bán 800 đồng. Chị vợ đau đớn, la khóc dữ dội, hai đứa con thấy mẹ đau như thế cũng khóc và la toáng lên. Trong lúc vợ con đều la khóc thảm thiết, ông Dưỡng nghĩ phải làm gì đó giúp vợ, trong cơn quẫn trí, ông chạy xuống bếp lấy con dao phay lên rạch bụng vợ lấy con ra. Vì dao thái rau cho lợn đã quá cùn, nên ông phải cứa đi cứa lại nhiều lần mới đứt và mổ được bụng vợ, lôi được đứa con ra. Điều đó cũng đồng nghĩa là ruột gan của chị Mủn cũng bị ra ngoài, máu chảy quá nhiều, lại kiệt sức vì cơn đau vật vã hành hạ suốt cả ngày trời. Đến khi ông Dưỡng bỏ lại ruột gan vào bụng, lấy chỉ may quần áo khâu lại thì chưa kịp khâu người vợ đã trút hơi thở cuối cùng, nằm bê bết trên một vũng máu, bên cạnh một đứa bé sơ sinh đang gào khóc. Vợ chết, quá hoảng sợ, ông Dưỡng chợt nhận ra sự dại dột của mình nên đã đến ngay cơ quan chức năng để thuật lại sự tình.</p>\r\n\r\n<p>Sau ca đỡ đẻ bất thành, vợ mất, 2 đứa con trai cũng đi ở cho người ta, người cha Nguyễn Dưỡng hóa điên, anh không còn là một người bình thường nữa, anh tìm đến rượu để làm bạn. Đứa bé may mắn được cứu sống. Nhưng rất yếu ớt, có lẽ do người mẹ nghèo phải lao động vất vả, ăn uống thiếu chất khi mang thai cộng với sinh ra trong hoàn cảnh đặc biệt bất thường nên bé Xuyến (Trần Thị Mỹ Xuyến là cái tên do người mẹ nuôi Trần Thị Mâu đặt) mới như vậy.</p>\r\n\r\n<p>Chúng tôi đã tìm về nhà người mẹ nuôi của Xuyến vào một ngày mùa đông, căn nhà lụp xụp, vắng vẻ và hiu hắt. Vòng quanh nhà chị, gọi mãi mới thấy một bà cụ tuổi ngoài 80 bước ra, bà cho biết bà là mẹ của chị Trần Thị Mâu. Tôi hỏi cụ, gia đình chị Mâu đâu mà không thấy ai ở nhà thì mới được bà cho biết vợ chồng chị đi làm rẫy ở cách nhà gần 20km, làm trên rẫy cả tháng mới về thăm nhà một lần hoặc về để mua gạo và thức ăn đem lên. Bà bảo thằng em con Xuyến trưa nay sau khi đi học về đã đem gạo lên cho bố mẹ nó ở trên rẫy, chắc nó sắp về rồi. Trò chuyện với cụ Nguyễn Thị Sáu (mẹ chị Mâu) thì chúng tôi thấy ngoài ngõ có một người phụ nữ đang gánh củi và một cậu bé đang tất tả vác trên vai một bao tải trông rất nặng bước vào sân. Người phụ nữ vừa bước vào đó là chị Trần Thị Mâu - mẹ nuôi của Xuyến (may cho chúng tôi là được gặp trực tiếp chị, chị về để sáng sớm hôm sau đi khám bệnh) và chú bé Trần Đức Nghĩa con của chị Mâu (sau khi xin Xuyến về nuôi được một thời gian thì chị Mâu sinh Nghĩa). Trần Đức Nghĩa hiện đang học lớp 11 ở trường THPT Nguyễn Thái Bình, xã Xuân Phước, huyện Đồng Xuân, tỉnh Phú Yên.</p>\r\n\r\n<p>Theo lời bà Trần Thị Mâu, mẹ nuôi của Xuyến kể lại thì từ khi chị xin con về nuôi, ông Dưỡng cũng có vài lần về thăm con nhưng lần nào đến thăm cũng đều say rượu, lảm nhảm chửi bới, thậm chí có lúc còn đòi bé Xuyến lại… Đã mười mấy năm rồi, người cha đẻ của cô bé Trần Thị Mỹ Xuyến đã không còn về thăm con nữa. Cả hai người anh trai của Xuyến cũng không thấy lui tới thăm em nữa.</p>\r\n\r\n<p>Ông Nguyễn Dư, Trưởng thôn Phước Hòa cho biết: “Hoàn cảnh và số phận của gia đình chị Trần Thị Mâu cũng vô cùng đáng thương. Chị sinh ra trong một gia đình nghèo, đông anh em. Chị đã từng có một đời chồng, hai người sống với nhau mấy năm nhưng không hạnh phúc, người chồng cờ bạc, rượu chè, không lo tu chí làm ăn. Thế là hai người chia tay nhau”. Ở nông thôn, người đàn bà lấy chồng rồi ly dị chồng là điều rất nhiều tai tiếng, hàng xóm gièm pha. Sau đổ vỡ ấy, số phận đưa đẩy bà lấy tiếp người chồng thứ hai. Biết được hoàn cảnh của bé Xuyến, bà đã xin về nuôi, coi đó là niềm vui, là chỗ dựa tinh thần của mình sau bao ngày sóng gió. Nhưng vì thể trạng bé Xuyến quá yếu, bà phải vô cùng vất vả trong việc chăm sóc em. Nhà nghèo, nhưng phải ở nhà để chăm sóc đứa con nuôi, phần lớn nhờ vào những đồng tiền từ thiện người ta giúp đỡ, ủng hộ bé Xuyến.</p>\r\n\r\n<p>Cô bé lớn lên trong sự yêu thương và chăm sóc của bà Trần Thị Mâu và ông bà ngoại nuôi. Tưởng rằng mọi điều tốt đẹp sẽ đến với bé nhưng có lẽ sinh ra trong hoàn cảnh quá đặc biệt nên cô bé lớn lên không bình thường, lên 3-4 tuổi thì mắt em đã không còn nhìn thấy. Vì vậy mà ảnh hưởng nghiêm trọng đến việc học của em, phải mất 4 năm em mới học xong lớp 1. Mất mấy năm nữa Xuyến mới qua được lớp 2 và lớp 3. Vào học lớp 4 được một thời gian vì bệnh tình về mắt ngày càng nặng nên Xuyến phải nghỉ học. Dù mắt yếu như vậy nhưng cô bé vẫn ngày ngày theo bố mẹ lên rẫy để trỉa ngô, trồng sắn, đốn củi… Bà Trần Thị Mâu buồn bã kể lại: “Biết là thương con lắm, nhưng do hoàn cảnh đói nghèo không thể làm gì hơn…”. Cứ như thế cô bé Xuyến lớn lên trong sự yêu thương của gia đình người mẹ nuôi, của hàng xóm và sự chung tay giúp đỡ của các tổ chức đoàn thể, các doanh nghiệp và các nhà hảo tâm.</p>\r\n\r\n<p>Mới đó mà đã 17 năm trôi qua, cô bé Xuyến ngày nào giờ đã trở thành một thiếu nữ. Có lẽ cô sẽ không bao giờ quên công ơn người mẹ đã nuôi nấng mình. Thương bố mẹ, thương đứa em trai đang tuổi đến trường bé Xuyến xin bố mẹ lên thành phố Tuy Hòa (cách nhà Xuyến hơn 70 km) làm thuê để phụ giúp tiền cho bố mẹ nuôi em. Chị Trần Thị Mâu cho biết: “Lúc đầu nghĩ thương Xuyến vì mắt quá yếu, từ nhỏ đến giờ lại chưa bao giờ đi xa nhà nữa nên tôi lo lắm. Nhưng bản thân tôi lại thường xuyên đau ốm, gia đình ngày càng khó khăn, Xuyến không đi làm thì chắc thằng Nghĩa em nó phải bỏ học giữa chừng. May mà Xuyến vào làm thuê ở một quán ăn, bà chủ biết được hoàn cảnh của nó nên bà thương. Nó đi làm đã mấy tháng rồi. Lương tháng hiện giờ là một triệu hai”. Gia đình bà Mâu thuộc diện hộ nghèo trong xã, cuộc sống vô cùng bấp bênh. Ngoài thời gian đi làm thuê làm mướn trong địa bàn xã để kiếm sống, những lúc mùa màng thu hoạch xong lại dắt díu nhau lên thành phố bán xổ số để kiếm tiền nuôi 2 đứa con.</p>\r\n\r\n<p>Hoàn cảnh đưa đẩy, sống trong lam lũ, đói nghèo thê thảm nhiều lúc đã làm cho con người quẫn trí. Đường cùng họ phải tìm cách giải quyết theo cách nghĩ của họ. Anh nông dân Nguyễn Dưỡng cũng đã làm như thế để cứu vợ cứu con trong lúc nguy cấp. Vừa buồn vừa thương cho một câu chuyện có kết cục thương tâm vì quá đói nghèo mà người nông dân ấy đã lấy dao phay mổ bụng vợ để cứu con trong lúc vợ đau đớn vật vã vì không có tiền để đi bệnh viện. Gia đình ông Nguyễn Dưỡng giờ đây đã ly tán. Ông Nguyễn Dưỡng thì lang thang hết này đến nơi khác. Lúc thì ở huyện Đồng Xuân, khi thì lên Sơn Hòa, Sông Hinh… Còn 2 đứa con trai của ông giờ cũng chẳng biết nó làm gì và ở đâu. Gia đình nội, ngoại vì quá nghèo nên cũng chẳng ai quan tâm và họ cũng chẳng biết con cháu mình giờ ra sao.</p>\r\n\r\n<p>Bây giờ, trong ngôi nhà cấp 4 bé tẻo teo, mái tôn đã hoen rỉ nằm lọt thỏm bên một góc đường, bên cạnh những ngôi nhà khang trang vẫn có tình thương, sự bao dung của một con người đã giúp bé Xuyến được sống trong tình mẹ con ấm áp, dù người đàn bà ấy không dứt ruột đẻ ra.</p>\r\n\r\n<p>Theo <strong>Minh Ngọc</strong></p>\r\n\r\n<p><em>An ninh thủ đô</em></p>', 'dantri.com.vn', 1399964027, 'Y', 10, 1),
(15, 'Trẻ thiếu sắt thiếu đạm cần bổ sung thế nào', '1399964137_trethieusat.jpg', 'Con trai tôi 8 tháng rưỡi nhưng chỉ nặng 8,4 kg, cao 70,6 cm. Tôi cho con đi khám thì bác sĩ nói cháu thiếu đạm, thiếu máu.', '<p>Cháu ít bú sữa ngoài nhưng ăn được. Chế độ dinh dưỡng cho con tôi tương đối đầy đủ, thường xuyên thay đổi món, nhưng không hiểu sao bé lại ít tăng cân như vậy?<em> (Thanh Vân)</em></p>\r\n\r\n<table align=\"center\" border=\"0\" cellpadding=\"3\" cellspacing=\"0\" style=\"width:480px\">\r\n	<tbody>\r\n		<tr>\r\n			<td><img alt=\"baby-eating-from-spoon-9300-1399947536.j\" src=\"http://m.f13.img.vnecdn.net/2014/05/13/baby-eating-from-spoon-9300-1399947536.jpg\" style=\"border:0px; line-height:0; width:480px\" /></td>\r\n		</tr>\r\n		<tr>\r\n			<td>\r\n			<p>Ảnh minh họa: <em>Bodyenlightenment.me.</em></p>\r\n			</td>\r\n		</tr>\r\n	</tbody>\r\n</table>\r\n\r\n<p><strong>Trả lời:</strong></p>\r\n\r\n<p>Chào bạn,</p>\r\n\r\n<p>Chiều cao của bé hơi thấp so với chuẩn. Cháu đã được bác sĩ chẩn đoán là thiếu đạm, thiếu máu có nghĩa là khẩu phần ăn của bé cung cấp không đủ. Trong năm đầu đời, chế độ ăn vẫn cần sữa là chính, 700-900 ml một ngày. Trường hợp bé ăn ít sữa, nếu vẫn có sữa mẹ bạn nên tận dụng, có thể cho ăn thêm sữa chua hàng ngày sau khi ăn bột khoảng 30 phút.</p>\r\n\r\n<p>Tháng tuổi này bé cần ăn 3 bữa bột với đủ 4 nhóm thực phẩm, thay đổi món ăn đa dạng thực phẩm và ăn thêm hoa quả tươi. Mỗi bữa bột bạn có thể nấu 20 g (hai thìa cà phê) bột gạo và 20 g thịt, hoặc cá, tôm, trứng… kết hợp rau lá. Một điều rất quan trọng nhưng nhiều mẹ không chú ý đó là cần cho bé ăn dầu, mỡ. Mỗi bát bột bạn nên cho một thìa cà phê, cứ một bữa ăn mỡ (mỡ gà, mỡ lợn), lại một bữa ăn dầu.</p>\r\n\r\n<p>Từ tháng thứ 10 đến 12 thì bột gạo là 30 g, thịt hoặc cá… 30 g. Bé bị thiếu đạm, thiếu máu do rất nhiều nguyên nhân, nhưng nếu loại trừ nguyên nhân do bệnh lý, chế độ ăn bạn nên chọn thực phẩm có nhiều chất sắt như gan lợn, gan gà, lòng đỏ trứng, thịt bò, thịt gà… Thực phẩm nhiều axit folic như rau có màu xanh sẫm, giá đỗ, nấm, gan lợn… Vitamin B12 có nhiều ở gan, cật, lòng đỏ trứng…</p>\r\n\r\n<p>Và để tăng cường hấp thu sắt, bạn có thể cho bé sử dụng thêm các thực phẩm có nhiều vitamin C như cam, quýt, bưởi. Bạn nên cho bé đi khám dinh dưỡng sớm để bổ sung vitamin và khoáng chất như sắt, vitamin nhóm B, C… Nếu có chế độ dinh dưỡng đầy đủ cân đối, chắc chắn con bạn sẽ tăng cân và khắc phục các biểu hiện của thiếu máu, thiếu đạm.</p>\r\n\r\n<p>Thạc sĩ, bác sĩ <strong>Doãn Thị tường Vi</strong><br />\r\n<em>Phòng khám Dinh dưỡng, Trung tâm Y tế dự phòng Hà Nội</em></p>', 'vnexpress.net', 1399964137, 'Y', 10, 1);
INSERT INTO `news` (`newsid`, `news_title`, `news_img`, `news_intro`, `news_full`, `news_source`, `news_date`, `news_public`, `cateid`, `userid`) VALUES
(16, 'Lười vận động dễ gây bệnh tim ở phụ nữ ngoài 30 tuổi', '1399964214_luoivandong.jpg', 'Với phụ nữ tuổi này, thiếu vận động thể chất là nhân tố quan trọng gây nguy cơ bệnh tim hơn cả bệnh thừa cân, cao huyết áp hay thói quen hút thuốc.', '<p>Nghiên cứu từ Australia gợi ý rằng dù ở độ tuổi nào thì các vận động thể chất vẫn cần được tăng cường, bởi nó ít được chú ý cũng như ít được người ta khuyến khích như các hoạt động khác trong cuộc sống, ví như bỏ thuốc lá hay giảm cân.</p>\r\n\r\n<table align=\"center\" border=\"0\" cellpadding=\"3\" cellspacing=\"0\" style=\"width:480px\">\r\n	<tbody>\r\n		<tr>\r\n			<td><img alt=\"luoi-8595-1399879761.jpg\" src=\"http://m.f13.img.vnecdn.net/2014/05/12/luoi-8595-1399879761.jpg\" style=\"border:0px; line-height:0; width:480px\" /></td>\r\n		</tr>\r\n		<tr>\r\n			<td>\r\n			<p>Ảnh: <em>ninemsn.</em></p>\r\n			</td>\r\n		</tr>\r\n	</tbody>\r\n</table>\r\n\r\n<p>Các nhà nghiên cứu đã phân tích thông tin từ hơn 32.000 phụ nữ Australia từ 3 nhóm tuổi: 22 tới 27, 47 tới 52 và 73 tới 78. Những phụ nữ này tiếp đó được theo dõi suốt 12 năm. Họ đã trả lời các câu hỏi về thói quen vận động thể chất, hút thuốc, cân nặng và tiểu sử bệnh cao huyết áp.</p>\r\n\r\n<p>Theo nghiên cứu, với phụ nữ dưới 30 tuổi, hút thuốc lá ảnh hưởng nhiều nhất tới các nguy cơ bệnh tim. Bỏ thói quen hút thuốc giúp ngăn chặn gần 60% các trường hợp bệnh tim ở nhóm tuổi này. Sau tuổi 30, thiếu vận động thể chất là nhân tố lớn nhất. Tăng cường vận động giúp ngăn ngừa tới 33% các trường hợp bệnh tim ở những phụ nữ tuổi trung niên, và 24% các trường hợp bệnh tim ở những phụ nữ lớn tuổi hơn. </p>\r\n\r\n<p>Các nhà nghiên cứu sử dụng công thức toán học để tính phần trăm các ca mắc bệnh tim có thể được ngăn chặn nếu không có nhân tố nguy cơ nhất định (bao gồm hút thuốc, quá cân, thiếu vận động hay bị cao huyết áp). Phép tính bao gồm thông tin về độ phổ biến, khả năng phát triển bệnh tim ở những phụ nữ với các nhân tố này, so với những người không có các nhân tố nói trên.</p>\r\n\r\n<p>Theo tiến sĩ Martha Gulati - người không tham gia vào nghiên cứu - Giám đốc của chương trình Sức khỏe tim mạch phụ nữ và phòng chống các bệnh tim mạch ở Trung tâm y tế Wexner, thuộc ĐH bang Ohio, các bác sĩ thường hỏi bệnh nhân về tiểu sử bệnh tim gia đình hay kiểm tra nhân tố rủi ro khác, họ lại không hỏi về vận động thể chất. Đó là một nhân tố nguy cơ không ai nhận ra. Chúng ta cần chú ý nhiều hơn tới việc đánh giá thể lực và vận động thể chất của con người.</p>\r\n\r\n<p>Gulati nói rằng một số nghiên cứu cho thấy nguy cơ tử vong ở những độ tuổi nhất định sẽ giảm đi nếu họ hay vận động, cho dù họ có bị thừa cân.</p>\r\n\r\n<p><strong>Khánh Vy</strong> (Theo <em>livescience</em>)</p>', 'vnexpress.net', 1399964214, 'Y', 10, 1),
(17, 'Vụ án 2 cái mũ: Chỉ xin được làm công dân tốt', '1399964338_6giadinh-29cd7.jpg', 'Phiên tòa xét xử vụ án cướp giật 2 cái mũ của nữ sinh đã kết tội 4 thanh thiếu niên mức án gần 8 năm tù giam. Người phạm tội \"trêu gái\" vừa có đơn kháng cáo xin được làm 1 công dân tốt.', '<p><strong>“Em không muốn mất học”</strong></p>\r\n\r\n<div>Trong dòng nước mắt cậu bé Vũ Văn Lộc (sinh ngày 30/3/1996, nguyên học sinh lớp 11b, trung tâm giáo dục thường xuyên huyện Tiên Lãng) mong muốn: \"Nếu Tòa đã bảo em phạm tội rồi thì xin cho em được hưởng án treo để em không mất học. Em không muốn ngồi tù.”.</div>\r\n\r\n<div> </div>\r\n\r\n<div>Ước mơ của cậu bé này quá đỗi giản dị nhưng đã trở nên vô cùng khó khăn sau phiên xử của tòa án huyện Tiên Lãng vừa qua. Không chỉ bị cáo mà gia đình, địa phương cũng khẩn khoản xin một điều như vậy nhưng cũng đã không được chấp nhận vì “hành vi phạm tội nguy hiểm” cần bỏ tù 4 thanh niên đề phòng ngừa chung cho xã hội. Người bào chữa là cán bộ Trung tâm trợ giúp pháp lý Hải Phòng cũng đã đề nghị hội đồng xét xử cho các em được hưởng án treo nhưng cũng bị bác bỏ.</div>\r\n\r\n<p><img alt=\"Những đứa trẻ hồn nhiên vô tư nay mang án tù vì &nbsp;tội nguy hiểm\" src=\"http://dantri4.vcmedia.vn/JY2cxKm3kOPd8LFsQdcc/Image/2014/05/may-dua-be-uong-dua-bb5b3.jpg\" style=\"line-height:1.6; width:450px\" /></p>\r\n\r\n<div>Những đứa trẻ hồn nhiên vô tư nay mang án tù vì  \"tội nguy hiểm\"</div>\r\n\r\n<p>Trước thái độ kiên quyết để giữ nghiêm công lý tại phiên tòa ngày 3/4/2014 của tòa án nhân dân huyện Tiên Lãng, 4 thanh thiếu niên sau vụ” trêu gái” đã bị tuyên phạt gần 8 năm tù giam về tội cướp giật tài sản do “hành vi phạm tội đặc biệt nghiêm trọng”.</p>\r\n\r\n<p>Ngày sau phiên tòa, các bị cáo và gia đình đã có đơn kháng cáo lên tòa án nhân dân thành phố Hải Phòng để xin giảm nhẹ hình phạt. Ngày 13/4, em Vũ Văn Lộc (sinh ngày 30/3/1996, trú tại thôn Xuân Trại, xã Bắc Hưng, huyện Tiên Lãng), là một trong 4 bị cáo đã tự tay viết đơn kháng cáo gửi tòa cấp trên xin được \"trở thành một công dân có ích”.</p>\r\n\r\n<p>Trong đơn gửi tòa án, em Lộc trình bày: \"Tôi bị tòa án nhân dân huyện Tiên Lãng xét xử …18 tháng tù giam”. Không giám mơ trắng án mà Lộc chỉ khẩu cầu xin được hưởng án treo. Mục đích của em thật giản dị nhưng trong hoàn cảnh hiện tại thì thật xót xa. Lộc khẩn cầu trong tha thiết: \"Tôi kháng cáo phần hình phạt mà Tòa Tiên Lãng xử và đề nghị Tòa án thành phố Hải Phòng xét xử phúc thẩm giảm nhẹ hình phạt cho tôi được hưởng án treo để tôi được tiếp tục đi học, thực hiện ước mơ của mình và trở thành công dân có ích”.</p>\r\n\r\n<p> </p>\r\n\r\n<div><img alt=\"Những tội nhân này vốn dĩ chỉ là những đứa bé ngoan, yêu lao động\" src=\"http://dantri4.vcmedia.vn/JY2cxKm3kOPd8LFsQdcc/Image/2014/05/hai-dua-bb5b3.jpg\" style=\"width:300px\" /></div>\r\n\r\n<div> </div>\r\n\r\n<div><img alt=\"Những tội nhân này vốn dĩ chỉ là những đứa bé ngoan, yêu lao động\" src=\"http://dantri4.vcmedia.vn/JY2cxKm3kOPd8LFsQdcc/Image/2014/05/nhung-dua-be-von-chi-la-con-cua-nhung-nong-dan-hien-lanh-bb5b3.jpg\" style=\"width:450px\" /></div>\r\n\r\n<div>Những tội nhân này vốn dĩ chỉ là những đứa bé ngoan, yêu lao động</div>\r\n\r\n<p>Một đứa bé theo anh họ đi trêu gái khi còn chưa đủ tuổi thành niên và cứ nghĩ rằng trò đùa đó là vô hại. Sau những ngày dài tạm giam và trước phán quyết của tòa đã phải khẩn khoản bày tỏ muốn được đi học để làm người có ích. Lời khẩn cầu của em, của gia đình, nhà trường và chính quyền địa phương đã không được chấp nhận để thay đổi “bản án đã định” tại phiên tòa sơ thẩm.</p>\r\n\r\n<p>Ông Vũ Văn Thành (sinh năm 1964) là bố đẻ của cháu Lộc cũng đã làm đơn đề nghị xin được xem xét cho con trai ông được hưởng án treo. Ông Thành trình bày trong đơn gửi các cơ quan chức năng: \"Gia đình, nhà trường cùng với UBND xã Bắc Hưng đã có đơn xin cam kết sẽ giám sát, quản lý, giáo dục cháu không để cho cháu có bất kỳ sai phạm nào khác”. Người nông dân nghèo khổ này chỉ cầu mong một điều duy nhất cho con mình đó là van xin một cơ hội” để cháu tiếp tục được đi học để trở thành người có ích cho gia đình và xã hội”.</p>\r\n\r\n<p><strong>“Chúng tôi sợ mất con mình”</strong></p>\r\n\r\n<p>Trao đổi với PV Dân Trí, ông Vũ Thanh Sông, bố đẻ của bị cáo Vũ Thanh Hùng (sinh năm 1997) cho biết: \"Con trai tôi khi bị bắt đang là học sinh lớp 9b, trường THCS Đông Hưng. Bây giờ thì cháu đã có quyết định thôi học vì bỏ học quá quy định do bị tạm giam. Cương vị người làm cha làm mẹ như tôi với con trẻ đau lòng nhất hai điều là con thất học và bị tù đày. Gia đình tôi chịu một lúc hai nỗi đau đấy. Không biết rồi đây con tôi, đứa bé chưa đủ khôn lớn chưa 1 ngày rời xa vòng tay bố mẹ sẽ thành ai, thành cái gì trong xã hội này sau khi mãn hạn tù ?” Người cha ấy nói đoạn gạt vội nước mắt quay mặt đi tức tưởi khóc.</p>\r\n\r\n<p>Những bà mẹ trong vụ án “hiếm” 2 cái mũ này đến giờ phút này gần như đã kiệt quệ. Những người đàn bà nơi vùng quê nghèo ấy đã từ nhiều tháng nay ra đường không tự tin để ngẩng mặt lên nhìn xóm láng. Dù sao thì họ cũng là người đẻ ra những” tội phạm nguy hiểm” cho vùng quê vốn yên bình này. Họ đã không còn hi vọng gỡ tội cho con mình bởi họ biết luật pháp đã ban ra rồi.</p>\r\n\r\n<div>Bà Nguyễn Thị Miềm, mẹ đẻ bị cáo Vũ Văn Lộc thất vọng nói: \"Khi nghe con bảo hôm nay bạn nó bị bắt vì chúng nó lấy mũ trêu bạn gái, tôi đã không tin. Cái trò đấy ngày xưa tôi còn trẻ cũng bị mấy bạn trong làng trêu suốt. Cũng vì những trò trêu đùa đấy mà trai gái nông thôn đến với nhau nên vợ nên chồng. Nhưng đến khi chính con tôi bị còng tay số 8 mang đi thì tôi như ngã gục. Tôi không hiểu luật pháp kiểu gì, nhân tình ở đâu?” .</div>\r\n\r\n<div> </div>\r\n\r\n<div>Từ đau đớn hoang mang ban đầu người mẹ này dần thành không phục. Bà nói: \"Hai bên gia đình chúng tôi đều là những gia đình giàu truyền thống cách mạng, có đến chết cũng chả ai tin nổi có ngày con cháu trong nhà phá gia phong phạm tội.Vì cái mũ vải xuất phát từ hành vi trêu đùa nhau mà con tôi đi tù, tôi thực không phục”.</div>\r\n\r\n<p> </p>\r\n\r\n<div><img alt=\"Những nén hương thay lời khẩn cầu trong vô vọng về một mức hình phạt không phải nhà tù cho con trẻ\" src=\"http://dantri4.vcmedia.vn/JY2cxKm3kOPd8LFsQdcc/Image/2014/05/cu-vuot-va-bang-khen-bb5b3.jpg\" style=\"width:450px\" /></div>\r\n\r\n<div>Cụ Vuốt, dưới những chiến công cách mạng của gia đình đau đáu về hai đứa cháu không may thành tội cướp</div>\r\n\r\n<p>Riêng ông Nguyễn Bá Hùng, bố của bị cáo Nguyễn Bá Thịnh thì luôn lo sợ về sự không lành cho tương lai cả 4 đứa bé phải ngồi tù. Ông Hùng bày tỏ: \"Tại phiên tòa sơ thẩm, tôi đã bày tỏ quan ngại việc bỏ tủ mấy đứa bé non dại chỉ vì 2 cái mũ trị giá 60 nghìn đồng có cần thiết không. Nhà đá đâu phải nơi đầu tiên để giáo dục, định hướng tương lai một đứa trẻ. Sau lần đi tù này về, con chúng tôi sẽ biết thêm những thứ ở nhà tù mà một người dân lương thiện không nên biết. Cá nhân tôi sẽ không chấp nhận bản án tòa đã định tội cho con mình, tôi sẽ đấu tranh. Vì chấp nhận bản án đó là tôi nhìn thấy cảnh mình mất con rất gần”.</p>\r\n\r\n<p>Liệu sau khi nhận được đơn kháng cáo đề nghị xử phúc thẩm vụ án cướp 2 cái mũ, 4 thanh thiếu niên phạm tội có được Tòa thành phố Hải Phòng soi xét. Ước nguyện được đi học để làm người công dân có ích của các em liệu có làm “động lòng” hội đồng xét xử?</p>\r\n\r\n<p><strong>Hoài Anh</strong></p>', 'dantri.com.vn', 1399964338, 'Y', 9, 1),
(18, 'Mất hàng tỉ đồng vì cuộc điện thoại giả công an lừa đảo', '1399964416_2-aae65.jpg', 'Ngày 13/5, Cơ quan cảnh sát điều tra công an TPHCM cho biết đã ra quyết định khởi tố bị can, lệnh bắt tạm giam đối với 5 bị can là người Đài Loan - Trung Quốc và người Việt Nam về tội \"Lừa đảo chiếm đoạt tài sản\".', '<p>Năm bị can bị Phòng cảnh sát điều tra tội phạm về quản lý kinh tế và chức vụ, (PC46), công an TPHCM khởi tố bắt giam gồm Chien Chiu Fu (49 tuổi, người Đài Loan - Trung Quốc) và 4 người Việt Nam. Tất cả các đối tượng trên đều là thành viên của 3 băng nhóm lừa đảo khác nhau do các đối tượng người Đài Loan - Trung Quốc cầm đầu.</p>\r\n\r\n<p><img alt=\"Chien Chiu Fu tại cơ quan công an\" src=\"http://dantri4.vcmedia.vn/yFccccccccccccu7FISh/Image/2014/05/1-2b466.jpg\" style=\"line-height:1.6; width:435px\" /></p>\r\n\r\n<div>Chien Chiu Fu tại cơ quan công an</div>\r\n\r\n<p>Trong 3 nhóm này, ngoài hai nhóm lừa theo chiêu thức cũ là sử dụng thiết bị viễn thông công nghệ cao, thực hiện cuộc gọi qua Internet, giả mạo để gọi điện tới nhà riêng của nạn nhân thông báo nợ cước điện thoại. Riêng một nhóm đã thay đổi chiêu lừa bằng cách gọi điện thông báo nạn nhân có nợ tiền ngân hàng vì các khoản vay này có liên quan tới tội phạm.</p>\r\n\r\n<p>Do bị các đối tượng lừa đảo đe dọa, khủng bố tinh thần nên các nạn nhân đã chuyển hàng tỉ đồng vào tài khoản của nhóm lừa đảo và bị chiếm đoạt.</p>\r\n\r\n<p>Sau khi bị bắt giữ, Chien Chiu Fu khai nhận, trong thời gian sinh sống tại Đài Loan, Chien được nhiều đối tượng kêu gọi tham gia vào đường dây hoạt động lừa đảo, chiếm đoạt tài sản của người Việt Nam. Chien được các đối tượng trong đường dây hứa sẽ trả tiền công 5.000 nhân dân tệ/tháng (tương đương 15 triệu đồng) và 3% tổng số tiền lừa đảo được.</p>\r\n\r\n<p>Ngày 26/3 vừa qua, theo sự phân công của các đối tượng cầm đầu, Chien Chiu Fu nhập cảnh trái phép vào Việt Nam để tìm gặp Đắc Ý và A Hồng (hai người Đài Loan - Trung Quốc tham gia vào đường dây chưa rõ lai lịch).</p>\r\n\r\n<p>Sau khi gặp nhau, Đắc Ý yêu cầu Chien Chiu Fu đi tìm mua tài khoản thẻ ghi nợ của các ngân hàng do những người Việt Nam đứng tên rồi chuyển tất cả thông tin tài khoản trên cho A Hồng biết. Từ những tài khoản này, các đồng bọn của Chien Chiu Fu sẽ thực hiện những cuộc gọi lừa đảo để yêu cầu nạn nhân chuyển tiền vào tài khoản.</p>\r\n\r\n<p>Để bắt đầu phi vụ lừa đảo, Chien gặp chị V.T.H. để nhờ làm giúp một tài khoản thẻ ghi nợ của Ngân hàng ACB mang tên chị H., nói là để nhận tiền của bạn ở Đài Loan gửi vào và được chị H. làm giúp.</p>\r\n\r\n<p>Sau khi có thẻ, các đối tượng trong đường dây của Chien Chiu Fu đã tiến hành lừa đảo và yêu cầu nạn nhân chuyển tiền vào tài khoản này. Ngày 9/5, khi Chien Chiu Fu đến ngân hàng rút tiền theo yêu cầu của A Hồng thì bị cơ quan công an mời về làm việc.</p>\r\n\r\n<p><img alt=\"Chien Chiu Fu tại cơ quan công an\" src=\"http://dantri4.vcmedia.vn/yFccccccccccccu7FISh/Image/2014/05/2-aae65.jpg\" style=\"line-height:1.6; width:448px\" /></p>\r\n\r\n<div>Ông Lâm Nhạc Hiền - đại diện Tổng Cục Cảnh sát Đài Loan (áo trắng) đã có buổi làm việc với công an Việt Nam</div>\r\n\r\n<p>Chiều 12/5, ông Lâm Nhạc Hiền - đại diện Tổng Cục Cảnh sát Đài Loan (Văn phòng  Kinh tế Văn hóa Đài Bắc tại TPHCM) đã đến trụ sở Cơ quan Cảnh sát Điều tra, Công an TPHCM, trao đổi một số vấn đề xung quanh những đường dây, băng nhóm do người Đài Loan - Trung Quốc tổ chức giả danh công an lừa tiền người Việt Nam. </p>\r\n\r\n<p>Theo ông Hiền, các băng nhóm lừa đảo bằng chiêu thức này xuất hiện tại lãnh thổ Đài Loan và Trung Quốc từ 7-8 năm trước. Khi đó, các nhóm lừa đảo thường qua Việt Nam hoặc một quốc gia thứ ba để đặt thiết bị công nghệ cao gọi về Đài Loan, Trung Quốc để lừa đảo.</p>\r\n\r\n<p>Cảnh sát Đài Loan đã bắt giữ nhiều băng nhóm lừa đảo bằng hình thức này tại Đài Loan, trong đó có nhiều người Việt là phụ nữ lấy chồng Đài Loan hoặc người Việt xuất khẩu lao động ở Đài Loan nhưng trốn ra ngoài, tham gia các tổ chức gọi điện về Việt Nam lừa đảo.</p>\r\n\r\n<p>Được biết, cho đến nay, PC46 đã bắt giữ khoảng 50 nghi can trong các đường dây lừa đảo bằng công nghệ cao, trong đó có 15 người Đài Loan và đa số thuộc thành phần bất hảo có tiền án, tiền sự.</p>\r\n\r\n<p><strong>Đình Thảo</strong></p>', 'dantri.com.vn', 1399964416, 'Y', 9, 1),
(19, 'Quy định về người giám hộ', '1399964509_thuake1-1399872231_180x108.jpg', 'Nếu cả cha mẹ đều mất năng lực hành vi dân sự hoặc một trong 2 người, nhưng người kia không đủ điều kiện giám hộ thì con cả sẽ là người giám hộ.', '<p>Khoản 1, Điều 22 Bộ Luật dân sự quy định: Khi một người bị bệnh tâm thần hoặc mắc bệnh khác, không thể nhận thức, làm chủ được hành vi, theo yêu cầu của người có quyền, Tòa sẽ ra quyết định mất năng lực hành vi dân sự trên cơ sở kết luận của tổ chức giám định. Do vậy, bạn cần phải có quyết định của Tòa án tuyên bố bạn bị mất năng lực hành vi dân sự.</p>\r\n\r\n<p>Khoản 2 Điều 62 cũng quy định về người giám hộ đương nhiên của người mất năng lực hành vi dân sự: Trường hợp cả cha mẹ đều mất năng lực hành vi dân sự hoặc một trong 2, nhưng người kia không đủ điều kiện giám hộ thì con cả sẽ là người giám hộ. Nếu con cả không đủ điều kiện thì mới đến người con kế tiếp.</p>\r\n\r\n<p>Với trường hợp của bạn, do mẹ đã mất nên bạn đương nhiên là người giám hộ. Trường hợp bạn không đủ điều kiện thì người em thứ 2 sẽ là người giám hộ. Người em út của bạn chỉ trở thành người giám hộ khi người em thứ 2 của bạn không đủ điều kiện.</p>\r\n\r\n<p>Nếu cả 3 người không đủ điều kiện làm giám hộ cho bố bạn thì Uỷ ban nhân dân cấp xã có trách nhiệm cử người giám hộ hoặc đề nghị một tổ chức đảm nhận việc giám hộ.</p>\r\n\r\n<p><strong>Theo Điều 60 của bộ luật, quy định điều kiện làm giám hộ như sau:</strong></p>\r\n\r\n<p>1) Có năng lực hành vi dân sự đầy đủ;</p>\r\n\r\n<p>2) Có tư cách đạo đức tốt, không bị truy cứu trách nhiệm hình sự hoặc bị kết án chưa được xóa án tích về một trong các tội cố ý xâm phạm tính mạng, sức khỏe, danh dự, nhân phẩm, tài sản của người khác;</p>\r\n\r\n<p>3) Có điều kiện cần thiết bảo đảm thực hiện việc giám hộ.</p>\r\n\r\n<p>Về quản lý tài sản của người được giám hộ, tại Điều 69 quy định: Người giám hộ được thực hiện các giao dịch vì lợi ích của người được giám hộ. Việc bán, cho thuê, vay mượn hoặc cầm cố, thế chấp… và các giao dịch khác đối với tài sản của người được giám hộ phải được sự đồng ý của người giám sát việc giám hộ.</p>\r\n\r\n<p>Như vậy, người giám hộ có quyền đại diện cho bố bạn trong việc xác lập, thực hiện các giao dịch, nhưng phải vì lợi ích của bố bạn và phải được sự đồng ý của người giám sát.</p>\r\n\r\n<p>Người giám sát việc giám hộ là một trong ba anh em bạn, được cử ra để theo dõi, kiểm tra người giám hộ trong việc thực hiện giám hộ, giải quyết kịp thời những đề nghị của người giám hộ.</p>\r\n\r\n<p>Điều 69 cũng nêu rõ: Người giám hộ không được đem tài sản của người được giám hộ tặng cho người khác. Các giao dịch dân sự liên quan đến tài sản của người được giám hộ đều vô hiệu, trừ trường hợp thực hiện vì lợi ích của người được giám hộ, có sự đồng ý của người giám sát.</p>\r\n\r\n<p>Theo đó, người giám hộ của bố bạn không được đem tài sản của bố bạn tặng cho người khác hay thực hiện các giao dịch khác với chính mình, trừ trường hợp giao dịch được thực hiện vì lợi ích của bố bạn, có sự đồng ý của người giám sát việc giám hộ.</p>\r\n\r\n<p>Như vậy, nếu em trai út trở thành người giám hộ của bố bạn thì người này cũng không có quyền chiếm hưởng toàn bộ tài sản của bố bạn, không có toàn quyền quyết định việc tặng cho, mua bán,... tài sản của bố bạn cho người khác. Sau khi bố bạn mất, di sản của bố bạn sẽ được chia thừa kế theo pháp luật cho ba anh em bạn nếu bố bạn không có di chúc hoặc di chúc không hợp pháp. Mỗi người sẽ được hưởng một phần di sản bằng nhau.</p>\r\n\r\n<p><strong>Ths, Luật sư Phạm Thanh Bình</strong><br />\r\n<em>Công ty Luật Bảo Ngọc, Hà Nội</em></p>', 'vnexpress.net', 1399964509, 'Y', 9, 1),
(20, '5 thanh niên khiếm thính cưỡng bức bạn gái', '1399964606_khiem-thi-7995-1399910249_490x294.jpg', 'Vị cựu chiến binh bức xúc cho biết khi nhận tin con gái khuyết tật bị 5 cậu bạn cùng trường xâm hại, ông chỉ muốn cầm súng bắn nhóm \"yêu râu xanh\".', '<p>Ngày 12/5, trong phiên xử mở tại TAND thị xã Quảng Trị, VKS cáo buộc Phùng Xuân Lý cùng Lê Ngọc Anh, Nguyễn Mạnh Cường, Nguyễn Duy Quang, Hồ Công Hiến (19-23 tuổi) khi uống bia tại quán vỉa hè đã thống nhất đến nhà trọ rủ cô gái cùng trường tên Hoa (19 tuổi) đi uống nước để có điều kiện giở trò đồi bại.</p>\r\n\r\n<p>23h30 hôm đó (20/6/2013), nhóm thanh niên thực hiện ý đồ và đã cưỡng bức tập thể nạn nhân tại một ngõ nhỏ ở xã Hải Lệ, huyện Hải Lăng. Sau đó, tình cờ thấy Hoa cầm điện thoại trên đường đi về, Lý lái xe chở Ngọc Anh đến giật. Tang vật được đưa cho Hiến, Quang cất.</p>\r\n\r\n<table align=\"center\" border=\"0\" cellpadding=\"3\" cellspacing=\"0\" style=\"width:480px\">\r\n	<tbody>\r\n		<tr>\r\n			<td><img alt=\"Các bị cáo tại phiên tòa (hàng trước). Ảnh: Quang Hà\" src=\"http://m.f29.img.vnecdn.net/2014/05/12/khiem-thi-6994-1399910249.jpg\" style=\"border:0px; line-height:0; width:480px\" /></td>\r\n		</tr>\r\n		<tr>\r\n			<td>\r\n			<p>Các bị cáo tại phiên tòa (hàng trước). <em>Ảnh: Quang Hà.</em></p>\r\n			</td>\r\n		</tr>\r\n	</tbody>\r\n</table>\r\n\r\n<p>Theo yêu cầu của gia đình bị hại, phiên tòa được xử kín. Tham dự phiên xử có 2 giáo viên đến từ trường Trẻ em khuyết tật tỉnh Quảng Trị, nơi cả bị hại và bị cáo từng là học viên, làm nhiệm vụ phiên dịch. Nội dung thẩm vấn, tranh tụng, trao đổi được thực hiện chậm rãi để có thời gian dịch sang ngôn ngữ ký hiệu và ngược lại.</p>\r\n\r\n<p>HĐXX nhận định các bị cáo đều là thanh niên mới lớn, dù bị khuyết tật câm điếc bẩm sinh nhưng được gia đình nuôi dưỡng, cho ăn học đáng lẽ phải trở thành công dân có ích thì lại đi xâm hại nhân phẩm, danh dự người khác.</p>\r\n\r\n<p>Do tích cực khai báo, đền bù một phần thiệt hại, một số có thành tích được Sở giáo dục đào tạo tỉnh Quảng Trị khen thưởng, gia đình có công với cách mạng, được bố của bị hại xin giảm nhẹ hình phạt…, HĐXX coi đây là những tình tiết giảm nhẹ hình phạt cho các bị cáo.</p>\r\n\r\n<p>Tòa tuyên phạt Lý và Ngọc Anh mỗi người 48 tháng tù về tội Hiếp dâm và Cướp giật tài sản; Hiến và Quang lần lượt nhận 36, 42 tháng về tội Hiếp dâm và Chứa chấp tài sản do người khác phạm tội mà có; Cường 36 tháng về tội Hiếp dâm. Các bị cáo phải bồi thường 37,5 triệu đồng cho bị hại.</p>\r\n\r\n<p>Bố bị hại chia sẻ tại tòa rằng từng đi bộ đội và không ít lần chĩa súng vào quân thù. Khi nhận tin con gái bị 5 thanh niên cưỡng hiếp, ông chỉ muốn cầm súng bắn các bị cáo. Tại phiên tòa hôm nay, ông xin giảm án không phải cho 5 bị cáo mà cho những bậc cha mẹ đau khổ cúi mặt đằng sau các con.</p>\r\n\r\n<p><em>* Tên bị hại đã được thay đổi.</em></p>\r\n\r\n<p><strong>Quang Hà</strong></p>', 'vnexpress.net', 1399964606, 'Y', 9, 1),
(21, 'Angelina Jolie lộ mặt đánh phấn nham nhở', '1399964697_angelina.jpg', 'Một ngôi sao hạng A và luôn chỉnh chu khi xuống phố như Angelina Jolie khiến nhiều người bất ngờ khi cô để gương mặt lem nhem phấn trang điểm sánh đôi cùng người bạn đời Brad Pitt tới buổi công chiếu bộ phim \"The Normal Heart\", tối 12/5.', '<div><img alt=\"Angelina Jolie và Brad Pitt sánh đôi tại buổi công chiếu bộ phim\" src=\"http://dantri4.vcmedia.vn/kvQpnUqsv918uIS3qnCP/Image/2014/05/01/be1305211-35e6d.jpg\" /></div>\r\n\r\n<div>\r\n<p>Angelina Jolie và Brad Pitt sánh đôi tại buổi công chiếu bộ phim <em>The Normal Heart</em> tại New York, tối 12/5.</p>\r\n</div>\r\n\r\n<div><img alt=\"Angelina Jolie và Brad Pitt sánh đôi tại buổi công chiếu bộ phim\" src=\"http://dantri4.vcmedia.vn/kvQpnUqsv918uIS3qnCP/Image/2014/05/01/be1305212-35e6d.jpg\" /></div>\r\n\r\n<div>Ngôi sao xinh đẹp diện váy quây màu đen thanh lịch với giày cùng màu. Trong khi Brad Pitt mặc vest đen lịch lãm.<br />\r\n<br />\r\n<img alt=\"Gương mặt của Angelina Jolie được chăm chút...\" src=\"http://dantri4.vcmedia.vn/kvQpnUqsv918uIS3qnCP/Image/2014/05/01/be1305213-e50bf.jpg\" /></div>\r\n\r\n<div>Gương mặt của Angelina Jolie được chăm chút...<br />\r\n<br />\r\n<img alt=\"... tuy nhiên, một nửa gương mặt của cô dính phấn trang&nbsp;điểm&nbsp;lem nhem.\" src=\"http://dantri4.vcmedia.vn/kvQpnUqsv918uIS3qnCP/Image/2014/05/01/be1305214-e50bf.jpg\" /></div>\r\n\r\n<div>... tuy nhiên, một nửa gương mặt của cô dính phấn trang điểm lem nhem.</div>\r\n\r\n<div> </div>\r\n\r\n<div><img alt=\"... tuy nhiên, một nửa gương mặt của cô dính phấn trang&nbsp;điểm&nbsp;lem nhem.\" src=\"http://dantri4.vcmedia.vn/kvQpnUqsv918uIS3qnCP/Image/2014/05/01/be130522-35e6d.jpg\" /></div>\r\n\r\n<div>Nhiều người ngạc nhiên không hiểu tại sao một ngôi sao hạng A và luôn chăm chút ngoại hình khi ra phố lại mắc lỗi trang điểm như vậy.<br />\r\n<br />\r\n<img alt=\"Hai ngôi sao nổi tiếng vẫy tay chào người hâm mộ khi họ đứng bên ngoài cửa xe đón họ.\" src=\"http://dantri4.vcmedia.vn/kvQpnUqsv918uIS3qnCP/Image/2014/05/01/be130523-35e6d.jpg\" /></div>\r\n\r\n<div>Hai ngôi sao nổi tiếng vẫy tay chào người hâm mộ khi họ đứng bên ngoài cửa xe đón họ.<br />\r\n<br />\r\n<img alt=\"Phấn trang điểm còn lan xuống phần ngực của Angelina Jolie\" src=\"http://dantri4.vcmedia.vn/kvQpnUqsv918uIS3qnCP/Image/2014/05/01/be130524-35e6d.jpg\" /></div>\r\n\r\n<div>Phấn trang điểm còn lan xuống phần ngực của Angelina Jolie<br />\r\n<br />\r\n<img alt=\"Cận cảnh gương mặt lộ phấn trang điểm lem nhem\" src=\"http://dantri4.vcmedia.vn/kvQpnUqsv918uIS3qnCP/Image/2014/05/01/be130525-35e6d.jpg\" /></div>\r\n\r\n<div>Cận cảnh gương mặt lộ phấn trang điểm lem nhem<br />\r\n<br />\r\n<img alt=\"Cận cảnh gương mặt lộ phấn trang điểm lem nhem\" src=\"http://dantri4.vcmedia.vn/kvQpnUqsv918uIS3qnCP/Image/2014/05/01/be130526-35e6d.jpg\" /><br />\r\nThe Normal Heart là bộ phim do Brad Pitt đầu tư sản xuất nên Angelina Jolie không thể vắng mặt và quên ủng hộ người bạn đời dù cô khá bận rộn với lịch quảng cáo bộ phim mới - <em>Maleficent</em><br />\r\n<br />\r\n<img alt=\"Cận cảnh gương mặt lộ phấn trang điểm lem nhem\" src=\"http://dantri4.vcmedia.vn/kvQpnUqsv918uIS3qnCP/Image/2014/05/01/be130527-35e6d.jpg\" /></div>\r\n\r\n<div>Sắp tới, cặp tình nhân nổi tiếng có khả năng sẽ tái ngộ trong một dự án điện ảnh sau bộ phim \"Ông bà Smith\" (năm 2006).</div>\r\n\r\n<div> </div>\r\n\r\n<div><img alt=\"Cặp đôi nổi tiếng của Hollywood trông thật hạnh phúc và tình tứ trên thảm đỏ.\" src=\"http://dantri4.vcmedia.vn/kvQpnUqsv918uIS3qnCP/Image/2014/05/01/be130529-35e6d.jpg\" /></div>\r\n\r\n<div>Cặp đôi nổi tiếng của Hollywood trông thật hạnh phúc và tình tứ trên thảm đỏ.</div>\r\n\r\n<div><br />\r\n<img alt=\"Cặp đôi nổi tiếng của Hollywood trông thật hạnh phúc và tình tứ trên thảm đỏ.\" src=\"http://dantri4.vcmedia.vn/kvQpnUqsv918uIS3qnCP/Image/2014/05/01/an13051-e50bf.jpg\" /></div>\r\n\r\n<div> </div>\r\n\r\n<div><img alt=\"Cặp đôi nổi tiếng của Hollywood trông thật hạnh phúc và tình tứ trên thảm đỏ.\" src=\"http://dantri4.vcmedia.vn/kvQpnUqsv918uIS3qnCP/Image/2014/05/01/be130528-35e6d.jpg\" /><br />\r\n<br />\r\n<img alt=\"Cặp đôi nổi tiếng của Hollywood trông thật hạnh phúc và tình tứ trên thảm đỏ.\" src=\"http://dantri4.vcmedia.vn/kvQpnUqsv918uIS3qnCP/Image/2014/05/01/be1305210-35e6d.jpg\" /></div>\r\n\r\n<div>Sau đợt quảng cáo cho bộ phim Maleficent tại châu Âu, Angelina Jolie còn phải giới thiệu bộ phim này với khán giả Los Angeles.</div>\r\n\r\n<div> </div>\r\n\r\n<div><img alt=\"Cặp đôi nổi tiếng của Hollywood trông thật hạnh phúc và tình tứ trên thảm đỏ.\" src=\"http://dantri4.vcmedia.vn/kvQpnUqsv918uIS3qnCP/Image/2014/05/01/be1305215-e50bf.jpg\" /></div>\r\n\r\n<div>Mới đây, khi chia sẻ về mối quan hệ với Brad Pitt với độc giả tờ Elle, nữ diễn viên xinh đẹp đã hạnh phúc nói: “Hai người trở nên gắn bó với nhau. Dù là hai cá thể riêng biệt nhưng bạn luôn cảm thấy được truyền cảm hứng từ đối phương, thử thách nhau, hoàn thiện nhau, khiến nhau đôi khi phát điên. Sau tất cả những năm tháng bên nhau, chúng ta trở thành lịch sử trong nhau. Khi đã trở thành lịch sử của người kia, các bạn sẽ có một mối quan hệ thực sự sâu đậm, thỏai mái, dễ chịu và yêu nhau sâu đậm hơn”.</div>\r\n\r\n<div><br />\r\n<img alt=\"Người đàn bà đẹp Julia Roberts cũng có mặt tại buổi họp báo\" src=\"http://dantri4.vcmedia.vn/kvQpnUqsv918uIS3qnCP/Image/2014/05/01/be1305216-e50bf.jpg\" /></div>\r\n\r\n<div>\"Người đàn bà đẹp\" Julia Roberts cũng có mặt tại buổi họp báo<br />\r\n<br />\r\n<img alt=\"Liv Tyler xinh đẹp\" src=\"http://dantri4.vcmedia.vn/kvQpnUqsv918uIS3qnCP/Image/2014/05/01/be1305217-e50bf.jpg\" /></div>\r\n\r\n<div>Liv Tyler xinh đẹp</div>\r\n\r\n<div> </div>\r\n\r\n<div><strong>Vy Vy</strong></div>', 'dantri.com.vn', 1399964697, 'Y', 8, 1),
(22, 'Siêu mẫu Đức xinh đẹp từ tấm bé', '1399964775_hei1305-22c16.jpg', 'Heidi Klum, một trong những siêu mẫu hàng đầu thế giới, xinh đẹp ngay khi chỉ là một cô bé 13 tuổi. Mới đây, siêu mẫu 40 tuổi khoe bức ảnh thời thơ ấu khiến các fan vô cùng thích thú.', '<div><img alt=\"Siêu mẫu Đức xinh đẹp từ tấm bé\" src=\"http://dantri4.vcmedia.vn/kvQpnUqsv918uIS3qnCP/Image/2014/05/01/hei13051-ca7ee.jpg\" style=\"line-height:1.6\" /></div>\r\n\r\n<div>\r\n<div>Nhân Ngày của mẹ năm nay, Heidi Klum khoe bức ảnh khi cô mới là một cô bé 13 tuổi. Trong bức ảnh này, Heidi trông đã rất nữ tính, xinh xắn, điệu đà hơn bạn bè cùng trang lứa. Heidi để lộ mái tóc xoăn điệu đà và đã học cách trang điểm khi là một cô bé học cấp hai.</div>\r\n\r\n<div> </div>\r\n\r\n<div><img alt=\"Siêu mẫu Đức xinh đẹp từ tấm bé\" src=\"http://dantri4.vcmedia.vn/kvQpnUqsv918uIS3qnCP/Image/2014/05/01/hei13052-ca7ee.jpg\" /></div>\r\n\r\n<div>Heidi Klum khi ở đỉnh cao sự nghiệp. Cô được xem là một trong những \'chân dài\' nổi tiếng nhất châu Âu với thân hình đẹp, gương mặt cá tính và biểu cảm tuyệt vời trước ống kính.</div>\r\n\r\n<div> </div>\r\n\r\n<div><img alt=\"Gương mặt của Heidi Klum dường như chẳng thay đổi theo năm tháng\" src=\"http://dantri4.vcmedia.vn/kvQpnUqsv918uIS3qnCP/Image/2014/05/01/hei13054-ca7ee.jpg\" /></div>\r\n\r\n<div>Gương mặt của Heidi Klum dường như chẳng thay đổi theo năm tháng<br />\r\n<br />\r\n<img alt=\"Gương mặt của Heidi Klum dường như chẳng thay đổi theo năm tháng\" src=\"http://dantri4.vcmedia.vn/kvQpnUqsv918uIS3qnCP/Image/2014/05/01/hei13053-ca7ee.jpg\" /></div>\r\n\r\n<div>Heidi Klum trở thành siêu mẫu nổi tiếng thế giới khi cô xuất hiện trên trang bìa tạp chí áo tắm hàng đầu thế giới Sports Illustrated. Năm 1997, Heidi là “chân dài” đầu tiên của Đức trở thành thiên thần của nhãn hiệu Victoria\'s Secret. Sau thành công với sự nghiệp trình diễn thời trang, Heidi thử sức trong lĩnh vực mới, cô trở thành giám khảo của chương trình truyền hình thực tế <em>Project Runway </em>và giúp cô kiếm được đề cử giải Emmy vào năm 2008 và đã giành giải Người dẫn chương trình truyền hình thực tế xuất sắc nhất năm 2013. <br />\r\n<br />\r\n<img alt=\"Gương mặt của Heidi Klum dường như chẳng thay đổi theo năm tháng\" src=\"http://dantri4.vcmedia.vn/kvQpnUqsv918uIS3qnCP/Image/2014/05/01/hei13055-ca7ee.jpg\" />\r\n<p>Năm 2011, tạp chí Forbes đưa Heidi Klum vào danh sách những người mẫu kiếm tiền giỏi nhất thế giới, sau “đàn em” Gisele Bündchen. Tạp chí danh tiếng này cũng nhấn mạnh rằng, sau khi chia tay với vai trò người mẫu của nhãn hiệu Aictoria\'s Secret suốt 13 năm, Heidi Klum lại trở thành một nữ doanh nhân.</p>\r\n</div>\r\n\r\n<div><br />\r\n<img alt=\"Gương mặt của Heidi Klum dường như chẳng thay đổi theo năm tháng\" src=\"http://dantri4.vcmedia.vn/kvQpnUqsv918uIS3qnCP/Image/2014/05/01/hei130510-ca7ee.jpg\" /><br />\r\nHeidi Klum vẫn rất rạng ngời, quyến rũ và gợi cảm dù đã trải qua 4 lần sinh nở và đã bước sang tuổi 40.</div>\r\n\r\n<div> </div>\r\n\r\n<div><img alt=\"Gương mặt của Heidi Klum dường như chẳng thay đổi theo năm tháng\" src=\"http://dantri4.vcmedia.vn/kvQpnUqsv918uIS3qnCP/Image/2014/05/01/hei130511-ca7ee.jpg\" /></div>\r\n\r\n<div>Năm 2012, Heidi chia tay với ca sĩ Seal và lao vào những mối quan hệ ngắn ngủi với những người đàn ông kém tuổi. Cô hiện là bạn gái của doanh nhân 27 tuổi - Vito Schnabel.</div>\r\n\r\n<div><br />\r\n<img alt=\"Nhân Ngày của mẹ năm nay, Heidi Klum dành thời gian đi chơi với bạn trai mới và con út.\" src=\"http://dantri4.vcmedia.vn/kvQpnUqsv918uIS3qnCP/Image/2014/05/01/hei13059-ca7ee.jpg\" /></div>\r\n\r\n<div>Nhân Ngày của mẹ năm nay, Heidi Klum dành thời gian đi chơi với bạn trai mới và con út.</div>\r\n\r\n<div><br />\r\n<img alt=\"Chân dài 40 tuổi ăn mặc rất trẻ trung với jeans rách, giày thể thao.\" src=\"http://dantri4.vcmedia.vn/kvQpnUqsv918uIS3qnCP/Image/2014/05/01/hei13056-ca7ee.jpg\" /></div>\r\n\r\n<div>\"Chân dài\" 40 tuổi ăn mặc rất trẻ trung với jeans rách, giày thể thao.<br />\r\n<br />\r\n<img alt=\"Heidi về thăm mẹ ruột và khoe ảnh chụp chung với bà.\" src=\"http://dantri4.vcmedia.vn/kvQpnUqsv918uIS3qnCP/Image/2014/05/01/hei13057-ca7ee.jpg\" /></div>\r\n\r\n<div>Heidi về thăm mẹ ruột và khoe ảnh chụp chung với bà.</div>\r\n\r\n<div> </div>\r\n\r\n<div><strong>Vy Vy</strong></div>\r\n</div>', 'dantri.com.vn', 1399964775, 'Y', 8, 1),
(23, 'Hồ Ngọc Hà rơi nước mắt khi hát về tình cũ', '1399964862_haho.jpg', 'Hát được đến ca khúc thứ hai trong buổi họp báo giới thiệu album mới, nữ ca sĩ đã không kìm được cảm xúc trong lòng.', '<p>Tối 12/5, Hồ Ngọc Hà có buổi ra mắt giới thiệu album Vol 7 - \"Mối tình xưa\" tại TP HCM. Đây là album đánh dấu chặng đường 10 năm ca hát của nữ giám khảo <em>X-Factor.</em> Nữ ca sĩ chọn một không gian sang trọng ở TP HCM và yêu cầu các khách mời ăn mặc theo phong cách cổ điển để tái hiện không khí của các phòng trà ca nhạc xưa. Trong đêm ra mắt, dù đã có MC Trấn Thành hỗ trợ, Hà Hồ vẫn muốn là người dẫn dắt khán giả đi vào câu chuyện của cô.</p>\r\n\r\n<p>Nữ ca sĩ hoá thân thành một ca sĩ của những năm 1970 với chiếc đầm đuôi cá màu đen lấp lánh. Tuy vậy, cô lại cởi bỏ đôi giày cao gót để đi chân trần. Hồ Ngọc Hà thú nhận cô \"run quá, sợ đứng không vững\", rồi chia sẻ thêm, đã 10 năm ca hát nhưng lần nào giới thiệu đứa con tinh thần mới, cô cũng đều run như vậy. Nhưng rất nhanh sau đó, cô bào chữa: \"Anh Đức Trí từng bảo, lúc nào lên sân khấu còn run là vẫn còn yêu nghề, còn tố chất nghệ sĩ\". </p>\r\n\r\n<table align=\"center\" border=\"0\" cellpadding=\"2\" cellspacing=\"0\" style=\"width:480px\">\r\n	<tbody>\r\n		<tr>\r\n			<td><img alt=\"IMG-0713.jpg\" src=\"http://m.f9.img.vnexpress.net/2014/05/13/IMG-0713-1754-1399947303.jpg\" style=\"border:0px; line-height:0; width:480px\" /></td>\r\n		</tr>\r\n		<tr>\r\n			<td>\r\n			<p>Hà Hồ thể hiện các ca khúc mới trong đêm nhạc.</p>\r\n			</td>\r\n		</tr>\r\n	</tbody>\r\n</table>\r\n\r\n<p>Album Vol 7 đánh dấu giai đoạn mới trong sự nghiệp của nữ ca sĩ, chuyển từ hình ảnh một \"nữ hoàng giải trí\" sang hình ảnh sang trọng, quyến rũ và mặn mà hơn của một ca sĩ đạt được độ chín trong nghề. Nó không chỉ thể hiện qua hình ảnh bề ngoài hay phong cách biểu diễn, mà còn nằm ở suy nghĩ: \"Làm sao để lôi kéo khán giả trẻ tìm đến chân giá trị của âm nhạc\". </p>\r\n\r\n<p>Trong khi nhiều ca sĩ Việt Nam chọn cách làm mới những ca khúc nhạc xưa, Hà Hồ đặt hàng những ca khúc hiện đại và hòa âm, phối khí theo phong cách acoustic. Hình thức thu âm cũng đặc biệt. Không áp dụng kỹ thuật phòng thu ngày nay, cô cùng giám đốc âm nhạc Đức Trí chọn hình thức thu tiếng trực tiếp cùng ban nhạc tại studio. \"Hồ Ngọc Hà là ca sĩ đầu tiên ở Việt Nam chọn hình thức thu âm này với mong muốn truyền tải trọn vẹn cảm xúc cho khán giả, giúp họ chạm tới âm nhạc thực sự\", Đức Trí nói.</p>\r\n\r\n<p>Cũng bởi nhấn mạnh vào cảm xúc mà khi thể hiện <em>Cô đơn giữa cuộc tình</em>, nữ ca sĩ đã rơi nước mắt trong những nốt cuối. Vốn là một người phụ nữ mạnh mẽ, Hồ Ngọc Hà đã phải quay mặt vào cánh màn nhung khá lâu để lấy lại thăng bằng. Cô thật thà chia sẻ, khi hát cô nghĩ đến \"một vài cuộc tình\" đã qua. Và cô mong, khi nghe khán giả cũng cảm thấy được \"chạm\" vào những ký ức, tình cảm của chính mình trong đời sống.</p>\r\n\r\n<table align=\"center\" border=\"0\" cellpadding=\"2\" cellspacing=\"0\" style=\"width:432px\">\r\n	<tbody>\r\n		<tr>\r\n			<td><img alt=\"IMG-0725.jpg\" src=\"http://m.f9.img.vnexpress.net/2014/05/13/IMG-0725-2789-1399947303.jpg\" style=\"border:0px; line-height:0\" /></td>\r\n		</tr>\r\n		<tr>\r\n			<td>\r\n			<p>Phút xúc động của nữ ca sĩ.</p>\r\n			</td>\r\n		</tr>\r\n	</tbody>\r\n</table>\r\n\r\n<p>Ngoài những bài hát đặt hàng, album cũng có một số ca khúc đến với Hà Hồ như một cái duyên. Nhạc sĩ trẻ Châu Đăng Khoa tâm sự: \"Tôi viết <em>Em không cần anh</em> dựa trên cảm hứng từ câu chuyện tình cũ của mẹ mình. Mẹ tôi sau khi nghe đã bảo, Hồ Ngọc Hà là người thích hợp nhất để thể hiện ca khúc này, và tôi đã gởi cho cô ấy\". Ca khúc ban đầu có giai điệu dance, đúng sở trường của nữ hoàng giải trí. Nhưng cô đã \"giải phẫu\" lại để nó mang màu sắc Chachacha, hợp với phong cách cổ điển của album.</p>\r\n\r\n<p>Còn với <em>Mình em với em</em> của nhạc sĩ Đỗ Hiếu, Hà Hồ đã xin phép tự viết lại lời theo mạch cảm xúc có thật của mình. Nữ ca sĩ đã tranh thủ gần hai giờ đồng hồ trong chuyến bay Sài Gòn - Hà Nội để hoàn thành xong phần lời mới. <em>Muốn yêu</em> của Toàn Thắng cũng là một trường hợp đặc biệt vì ngay sau khi nghe qua bản demo, nữ ca sĩ đã muốn mua nó về để cho vào album.</p>\r\n\r\n<table align=\"center\" border=\"0\" cellpadding=\"2\" cellspacing=\"0\" style=\"width:426px\">\r\n	<tbody>\r\n		<tr>\r\n			<td><img alt=\"IMG-0622.jpg\" src=\"http://m.f9.img.vnexpress.net/2014/05/13/IMG-0622-7943-1399947303.jpg\" style=\"border:0px; line-height:0\" /></td>\r\n		</tr>\r\n		<tr>\r\n			<td>\r\n			<p>Đức Trí lặng lẽ theo dõi đêm nhạc từ xa.</p>\r\n			</td>\r\n		</tr>\r\n	</tbody>\r\n</table>\r\n\r\n<p>Album \"Mối tình xưa\" là một dấu ấn quan trọng kỷ niệm 10 năm ca hát, và cũng là dấu ấn trong việc tái hợp giữa Hồ Ngọc Hà và Đức Trí - cặp ca sĩ và nhạc sĩ đình đám một thời. Trong buổi họp báo, ở một góc xa sân khấu, nhạc sĩ Đức Trí đứng lặng lẽ dõi mắt theo người tình cũ. Thỉnh thoảng, nhạc sĩ gật gù, mỉm cười tỏ vẻ hài lòng. Anh chia sẻ: \"Hà Hồ là một trường hợp rất đặc biệt. Cô ấy có cách rất hay và rất riêng để \'dí\' tôi trong công việc - điều mà hầu như không có ca sĩ nào làm được. Mỗi khi cô ấy bảo tôi ghé studio 10 phút để nghe bài mới, thì 10 phút ấy luôn thành sáu tiếng\".</p>\r\n\r\n<p><strong>Vân An</strong></p>', 'vnexpress.net', 1399964862, 'Y', 8, 1),
(24, 'Hoàng Yến kiêu kỳ trong cuộc chơi sắc màu của Công Khanh', '1399965010_hoang-yen-kieu-ky.jpg', 'Chân dài catwalk đủng đỉnh, yêu kiều trên sân khấu như đang tham gia một cuộc dạo chơi của quý cô đài các với bộ váy đầy phong cách.', '<div><img alt=\"\" id=\"vne_slide_image_0\" src=\"http://l.f10.img.vnexpress.net/2014/05/13/LCL7329-1399952448_660x0.jpg\" style=\"border:0px; float:none; line-height:0\" /> </div>\r\n\r\n<div>\r\n<div id=\"article_content\">\r\n<div style=\"margin-left:auto;clear:both;\">\r\n<div>\r\n<p>Tối 12/5, Vietnam Fashion Week Fall Winter 2014 diễn ra đêm thứ hai tại Hà Nội với sự tham gia của các nhà thiết kế: Chamring Lys, Ngọc Thanh - Công Huân, Duyên Hương, Hà Duy, Quang Nhật, Công Khanh.</p>\r\n</div>\r\n\r\n<div style=\"clear:both;\"> </div>\r\n</div>\r\n\r\n<div style=\"margin-left:auto;clear:both;\">\r\n<div><img alt=\"\" id=\"vne_slide_image_1\" src=\"http://l.f10.img.vnexpress.net/2014/05/13/LCL7331-1399952453_660x0.jpg\" style=\"border:0px; float:none; line-height:0\" /> </div>\r\n\r\n<div>\r\n<p>Giữ vị trí vedette trong bộ sưu tập của nhà thiết kế Võ Công Khanh, Hoàng Yến đủng đỉnh bước ra sân khấu với chiếc đầm dài xanh cobalt. Hiểu rõ bộ cánh mình đang mặc, chân dài catwalk ấn tượng khi thể hiện là một quý cô kiêu kỳ, đài các. Với nét mặt lạnh lùng, quyến rũ, cô bước đi nhẹ nhàng nhưng vẫn đầy dứt khoát, tạo nên nhiều cảm xúc cho khán giả.</p>\r\n</div>\r\n\r\n<div style=\"clear:both;\"> </div>\r\n</div>\r\n\r\n<div style=\"margin-left:auto;clear:both;\">\r\n<div><img alt=\"\" id=\"vne_slide_image_2\" src=\"http://l.f10.img.vnexpress.net/2014/05/13/LCL7335-1399952469_660x0.jpg\" style=\"border:0px; float:none; line-height:0\" /> </div>\r\n\r\n<div>\r\n<p>Vốn là nàng thơ của Công Khanh, Hoàng Yến luôn được giữ vai trò này trong nhiều bộ sưu tập của anh.</p>\r\n</div>\r\n\r\n<div style=\"clear:both;\"><img alt=\"\" id=\"vne_slide_image_3\" src=\"http://l.f9.img.vnexpress.net/2014/05/13/LCL7321-1399952482_660x0.jpg\" style=\"border:0px; float:none; line-height:0\" /> </div>\r\n</div>\r\n\r\n<div style=\"margin-left:auto;clear:both;\">\r\n<div>\r\n<p>Công Khanh giới thiệu bộ sưu tập \"Cuộc chiến của sắc màu\". </p>\r\n</div>\r\n\r\n<div style=\"clear:both;\"><img alt=\"\" id=\"vne_slide_image_4\" src=\"http://l.f11.img.vnexpress.net/2014/05/13/LCL7261-1399952483_660x0.jpg\" style=\"border:0px; float:none; line-height:0\" /> </div>\r\n</div>\r\n\r\n<div style=\"margin-left:auto;clear:both;\">\r\n<div>\r\n<p>Sự tương phản giữa các gam màu, độ mỏng dày của chất liệu trang phục được nhà thiết kế phối hợp nhuần nhuyễn. </p>\r\n</div>\r\n\r\n<div style=\"clear:both;\"><img alt=\"\" id=\"vne_slide_image_5\" src=\"http://l.f9.img.vnexpress.net/2014/05/13/LCL7264-1399952483_660x0.jpg\" style=\"border:0px; float:none; line-height:0\" /> </div>\r\n</div>\r\n\r\n<div style=\"margin-left:auto;clear:both;\">\r\n<div style=\"clear:both;\"> </div>\r\n</div>\r\n\r\n<div style=\"margin-left:auto;clear:both;\">\r\n<div><img alt=\"\" id=\"vne_slide_image_6\" src=\"http://l.f9.img.vnexpress.net/2014/05/13/LCL7268-1399952483_660x0.jpg\" style=\"border:0px; float:none; line-height:0\" /> </div>\r\n\r\n<div>\r\n<p>Hiệu ứng màu sắc là một trong những xu hướng hot của thu đông năm nay, khi Dior, Balenciaga, Pucci, Versace... và các nhà mốt khác mạnh dạn đưa ra hàng loạt thiết kế rực rỡ. Ngoài việc thể hiện xu hướng này, Công Khanh còn tích cực lăng xê mốt tua rua.</p>\r\n</div>\r\n\r\n<div style=\"clear:both;\"><img alt=\"\" id=\"vne_slide_image_7\" src=\"http://l.f10.img.vnexpress.net/2014/05/13/LCL7271-1399952483_660x0.jpg\" style=\"border:0px; float:none; line-height:0\" /> </div>\r\n</div>\r\n\r\n<div style=\"margin-left:auto;clear:both;\">\r\n<div>\r\n<p>Chúng có thể được đính trên trang phục hoặc trên những túi xách đeo chéo, tạo nên phong cách riêng.</p>\r\n</div>\r\n\r\n<div style=\"clear:both;\"><img alt=\"\" id=\"vne_slide_image_8\" src=\"http://l.f10.img.vnexpress.net/2014/05/13/LCL7277-1399952484_660x0.jpg\" style=\"border:0px; float:none; line-height:0\" /> </div>\r\n</div>\r\n\r\n<div style=\"margin-left:auto;clear:both;\">\r\n<div>\r\n<p>Những thiết kế váy có dáng suông, đường may ngang cơ thể với tỷ lệ vàng giúp người mặc cân đối.</p>\r\n</div>\r\n\r\n<div style=\"clear:both;\"><img alt=\"\" id=\"vne_slide_image_9\" src=\"http://l.f10.img.vnexpress.net/2014/05/13/LCL7286-1399952484_660x0.jpg\" style=\"border:0px; float:none; line-height:0\" /> </div>\r\n</div>\r\n\r\n<div style=\"margin-left:auto;clear:both;\">\r\n<div style=\"clear:both;\"> </div>\r\n</div>\r\n\r\n<div style=\"margin-left:auto;clear:both;\">\r\n<div><img alt=\"\" id=\"vne_slide_image_10\" src=\"http://l.f10.img.vnexpress.net/2014/05/13/LCL7292-1399952484_660x0.jpg\" style=\"border:0px; float:none; line-height:0\" /> </div>\r\n\r\n<div style=\"clear:both;\"> </div>\r\n</div>\r\n\r\n<div style=\"margin-left:auto;clear:both;\">\r\n<div><img alt=\"\" id=\"vne_slide_image_11\" src=\"http://l.f12.img.vnexpress.net/2014/05/13/LCL7297-1399952484_660x0.jpg\" style=\"border:0px; float:none; line-height:0\" /> </div>\r\n\r\n<div style=\"clear:both;\"> </div>\r\n</div>\r\n\r\n<div style=\"margin-left:auto;clear:both;\">\r\n<div><img alt=\"\" id=\"vne_slide_image_12\" src=\"http://l.f11.img.vnexpress.net/2014/05/13/LCL7300-1399952484_660x0.jpg\" style=\"border:0px; float:none; line-height:0\" /> </div>\r\n\r\n<div style=\"clear:both;\"> </div>\r\n</div>\r\n\r\n<div style=\"margin-left:auto;clear:both;\">\r\n<div><img alt=\"\" id=\"vne_slide_image_13\" src=\"http://l.f12.img.vnexpress.net/2014/05/13/LCL7307-1399952485_660x0.jpg\" style=\"border:0px; float:none; line-height:0\" /> </div>\r\n\r\n<div style=\"clear:both;\"> </div>\r\n</div>\r\n\r\n<div style=\"margin-left:auto;clear:both;\">\r\n<div><img alt=\"\" id=\"vne_slide_image_14\" src=\"http://l.f12.img.vnexpress.net/2014/05/13/LCL7313-1399952485_660x0.jpg\" style=\"border:0px; float:none; line-height:0\" /> </div>\r\n\r\n<div style=\"clear:both;\"> </div>\r\n</div>\r\n\r\n<div style=\"margin-left:auto;clear:both;\">\r\n<div><img alt=\"\" id=\"vne_slide_image_15\" src=\"http://l.f9.img.vnexpress.net/2014/05/13/LCL7317-1399952485_660x0.jpg\" style=\"border:0px; float:none; line-height:0\" /> </div>\r\n</div>\r\n</div>\r\n\r\n<div>\r\n<p><strong>Ý Ly</strong><br />\r\nẢnh: <em>Linh Lê</em></p>\r\n</div>\r\n</div>', 'vnexpress.net', 1399965010, 'Y', 8, 1);
INSERT INTO `news` (`newsid`, `news_title`, `news_img`, `news_intro`, `news_full`, `news_source`, `news_date`, `news_public`, `cateid`, `userid`) VALUES
(25, 'Nhà sử học Dương Trung Quốc luôn coi vợ là tri kỷ', '1399965110_duongtrungquoc.jpg', 'Nhắc đến nhà sử học Dương Trung Quốc, người ta nghĩ ngay đến một con người thông tuệ, lịch lãm với kiến thức khoa học uyên bác. Ít ai biết, phía sau người đàn ông luôn bận rộn với những công việc xã hội ấy là một gia đình yên ấm, tràn đầy tình yêu thương.', '<div><img alt=\"Gia đình hạnh phúc của nhà sử học Dương Trung Quốc. Ảnh: Nhân vật cung cấp\" src=\"http://dantri4.vcmedia.vn/a3HWDOlTcvMNT73KRccc/Image/2014/05/38-3cbec.jpg\" /><br />\r\nGia đình hạnh phúc của nhà sử học Dương Trung Quốc. Ảnh: Nhân vật cung cấp</div>\r\n\r\n<div> </div>\r\n\r\n<div>Điều đáng nói là dù công việc xã hội, ông vẫn có những bí quyết riêng để giữ gìn hạnh phúc gia đình và dạy bảo hai cô con gái thành người. Trong cuộc trò chuyện với phóng viên, ông chia sẻ: “Bí quyết dạy con của tôi không có gì cao sang. Nó đơn giản là duy trì bữa cơm hàng ngày đầy đủ các thành viên”. Một điều tưởng chừng rất đỗi giản dị, song đã biến mất ở rất nhiều gia đình vì áp lực công việc và cuộc sống trong xã hội hiện đại.</div>\r\n\r\n<div> </div>\r\n\r\n<div><strong>Dạy từ điều nhỏ để con hiểu giá trị việc lớn</strong></div>\r\n\r\n<div> </div>\r\n\r\n<div>Mở đầu câu chuyện với chúng tôi, nhà sử học Dương Trung Quốc cho biết, cuộc sống gia đình ông cũng bình dị như bao gia đình khác. Khác chăng chỉ là, ông có rất ít thời gian dành cho vợ, con. Xưa nay, mọi việc trong nhà đều do vợ ông- bà Thu Hằng, là một người con gái Hà Nội xinh đẹp, đảm đang vun vén. Còn ông, ông tự nhận mình chỉ dạy các con cách ứng xử và đạo lý truyền thống đáng quý của người Hà Nội nói riêng và người Việt Nam nói chung.</div>\r\n\r\n<div> </div>\r\n\r\n<div>Ông cũng khẳng định: “Cuộc đời tôi và cả gia đình tôi luôn chịu ảnh hưởng từ những nét văn hóa Hà Nội xưa. Nhiều người từng hỏi tôi: “Liệu có chán những bữa cơm gia đình dân dã, đời thường sau khi đã thưởng thức quá đủ thứ sơn hào, hải vị? Tôi lập tức trả lời: “Họ đã nhầm”. Tiệc tùng bốn phương nhưng với tôi, không có đâu ngon bằng cơm nhà. Tôi luôn ghi nhớ các món ăn của những người phụ nữ đặc biệt của đời mình. Nhất là các món tủ do mẹ tôi nấu, như khoai sọ rán chênh cùng thịt ngan ướp húng lìu đun xấp nước, giả bào ngư làm từ dạ dày cổ hũ thái miếng, ướp ván hầm với gà rán, hạt sen nấm hương. Chè ướp hoa sen và cốm sấy là những món ruột mà mẹ tôi truyền lại cho con dâu. Cốm sấy cầm trên tay phải nhẹ, xanh mới đạt tiêu chuẩn. Vợ tôi là một người con gái sinh ra và lớn lên tại phố “Hàng”. Vì vậy, bà ấy may mắn giữ được nhiều nét văn hóa Hà Nội xưa. Mùa nào thức ấy, bà đều nấu những món ngon và hợp ý tôi. Tôi vẫn được vợ đánh giá là “dễ nuôi”. Món “ruột” của tôi đơn giản là ruốc, các món rau và cà bung. Có lẽ ký ức về bữa cơm gia đình và những món ngon Hà Nội do mẹ nấu đã trở thành một phần tất yếu trong cuộc sống của tôi sau này. Thế nên dù công việc bận rộn, tôi vẫn luôn cố gắng duy trì những bữa cơm tối của gia đình”.</div>\r\n\r\n<div> </div>\r\n\r\n<div>Nói thêm về bữa cơm gia đình, nhà sử học Dương Trung Quốc say sưa: “Theo tôi, bữa cơm trong gia đình không chỉ đơn giản là chuyện ăn uống, nạp thêm năng lượng mà còn là một hoạt động rất thiêng liêng. Đó là khoảng thời gian các thành viên trong gia đình quây quần bên nhau. Đối với nếp sống xưa, những lúc gặp gỡ nhau tại nhà là chuyện bình thường. Nhưng khi xã hội thay đổi, phân công lao động thay đổi thì bữa cơm trở thành thời điểm quan trọng gắn kết mối quan hệ gia đình. Mâm cơm gia đình thể hiện được sự khéo léo, đảm đang của người phụ nữ và trách nhiệm của người đàn ông. Trong những dịp ấy, tôi thường chỉ cho các con phép tắc ứng xử của các thế hệ, tính kiên nhẫn và cách sắp xếp cuộc sống. Còn vợ tôi thì bảo cho các con gái những mẹo nhỏ trong nữ công gia chánh, khuyến khích và tán thưởng những nhận xét chính xác của các con. Trong bữa ăn đơn giản, những lời mời ăn cơm, cách dành miếng ngon cho con trẻ hay người già cũng là biểu hiện ứng xử có văn hóa và sự quan tâm của các thành viên trong gia đình dành cho nhau. Vì thế, ý nghĩa của nó còn cao hơn cả những hoạt động bình thường khác trong cuộc sống. Tôi thường dạy các con những điều nhỏ nhặt như thế bên mâm cơm gia đình. Trẻ con đôi khi cũng có những sai lầm rất đáng trách. Tuy nhiên, tôi tuyệt đối không trách mắng các con trong bữa cơm. Điều đó thường được đưa ra khi cả nhà ngồi vào bàn uống trà. Lúc ấy, tôi mới phân tích cho các con điều đúng sai và để chúng tự rút ra những bài học cho chính mình”.</div>\r\n\r\n<div> </div>\r\n\r\n<div> </div>\r\n\r\n<div><img alt=\"Gia đình hạnh phúc của nhà sử học Dương Trung Quốc. Ảnh: Nhân vật cung cấp\" src=\"http://dantri4.vcmedia.vn/a3HWDOlTcvMNT73KRccc/Image/2014/05/39-3cbec.jpg\" /><br />\r\nNhà sử học Dương Trung Quốc nhấn mạnh tầm quan trọng của việc duy trì bữa cơm gia đình với sự giáo dục con cái. Ảnh: Nhân vật cung cấp</div>\r\n\r\n<div> </div>\r\n\r\n<div><strong>Không để đặt lên bàn cân giá trị gia đình</strong></div>\r\n\r\n<div> </div>\r\n\r\n<div>\r\n<table align=\"right\" cellpadding=\"0\" cellspacing=\"5\" id=\"Table7\" style=\"width:180px\">\r\n	<tbody>\r\n		<tr>\r\n			<td>\r\n			<p> </p>\r\n\r\n			<div><strong>Coi vợ là tri kỷ</strong></div>\r\n\r\n			<div> </div>\r\n\r\n			<div>Nhà sử học Dương Trung Quốc có vợ là bà Nguyễn Thu Hằng (em gái nhạc sĩ Nguyễn Cường), một cán bộ tài vụ lâu năm tại Cục điện ảnh. Ngoài việc nấu ăn ngon, tài thu vén gia đình, bà còn là tri kỷ của ông. Cả hai có khá nhiều những điểm hòa hợp, tương đồng như yêu mùa thu có món cốm tuyệt vời, thích hoa hồng các màu, cúc tím...Hai ông bà sinh được hai người con gái, hiện nay cả người con của ông đã lập gia đình và có cuộc sống rất hạnh phúc.</div>\r\n\r\n			<p> </p>\r\n			</td>\r\n		</tr>\r\n	</tbody>\r\n</table>\r\nCó lẽ, những chia sẻ của nhà sử học Dương Trung Quốc khiến cho rất nhiều người ngạc nhiên, khi một con người của công việc lại dành tối đa quỹ thời gian hạn hẹp duy trì bữa cơm chiều cùng gia đình. Xuất phát từ thực tiễn trải nghiệm, nhà sử học Dương Trung Quốc cũng bày tỏ sự không đồng tình với những người luôn viện lý do công việc mà bỏ qua những bữa cơm gia đình. “Đối với xã hội hiện đại, bữa cơm không chỉ là dịp để các thành viên trong gia đình thêm gắn kết mà còn là cơ hội để họ cùng nhau giao tiếp về mặt xã hội. Thế nhưng trong thời điểm hiện nay, nhiều người đành bỏ lại bữa cơm gia đình để bù khú, tiệc tùng trong các mối quan hệ công việc hay giao tiếp. Dường như có lúc, người ta cũng phải đặt lên bàn cân mối quan hệ giữa gia đình và xã hội xem bên nào nặng hay nhẹ hơn. Nhất là đối với những người đàn ông có hoàn cảnh nghề nghiệp đặc biệt hay những trọng trách xã hội”, ông bày tỏ.</div>\r\n\r\n<div> </div>\r\n\r\n<div>Nói chuyện xã hội rồi lại trở về chuyện gia đình, ông đúc kết: “Với gia đình tôi, có lẽ do đã gắn bó, quây quần với bữa cơm gia đình từ những ngày tháng đầu tiên chung sống, chúng tôi vẫn luôn duy trì thói quen này. Hiện nay, hai cô con gái của tôi đã lớn và ra ở riêng nên bữa cơm phần lớn là dành cho tôi và bà xã. Tuy nhiên, chúng tôi vẫn duy trì bữa cơm chung của đại gia đình (bao gồm cả gia đình hai con gái và các cháu) vào những ngày cuối tuần, những dịp lễ các thành viên có thể tụ tập đông đủ. Khi đó, chúng tôi trao đổi những vấn đề trong cuộc sống, kể cho nhau nghe những điều thú vị. Cũng có khi, mọi người trong gia đình đưa ra những khúc mắc để tìm câu giải đáp hoặc cùng nhau ôn lại kỷ niệm xưa cũ. Các con cùng các cháu của tôi, qua những bữa cơm, luôn giữ được những nét ứng xử văn hóa. Còn tôi, nhìn vợ và các con gái trong căn bếp nhỏ, chế biến những món ăn thì luôn cảm thấy xúc động. Nếp nhà luôn được xây dựng từ những gì bình dị và đơn sơ nhất”.</div>\r\n\r\n<div> </div>\r\n\r\n<div>Theo <strong>Lan Chinh</strong></div>\r\n\r\n<div><em>Gia đình & Xã hội</em></div>', 'dantri.com.vn', 1399965110, 'Y', 7, 1),
(26, 'Bài thơ người lính đảo gửi con trai gây xúc động mạnh', '1399965521_baitholinhdao.jpg', 'Fanpage Tâm sự tình yêu người lính chia sẻ bài thơ người lính đảo gửi con trai đầy xúc động khiến nhiều người vừa đọc vừa ứa lệ.', '<div>Nội dung bài thơ \"Nếu một mai cha không về nữa\" như sau:</div>\r\n\r\n<div> </div>\r\n\r\n<div><img alt=\"Tổ quốc gọi rồi... cha phải đi thôi.\" src=\"http://dantri4.vcmedia.vn/a3HWDOlTcvMNT73KRccc/Image/2014/05/16-f4421.jpg\" /><br />\r\n </div>\r\n\r\n<div> </div>\r\n\r\n<div>Tổ quốc gọi rồi... cha phải đi thôi.</div>\r\n\r\n<div>Con trai à, việc nhà nhờ con nhé.</div>\r\n\r\n<div>Vì cha biết... con rất mạnh mẽ.</div>\r\n\r\n<div>Sẽ là bờ vai cho mẹ dựa thay cha...</div>\r\n\r\n<div> </div>\r\n\r\n<div>Con trai à, cha phải ra đi.</div>\r\n\r\n<div>Vì biển Đông còn chưa nguôi sóng dữ.</div>\r\n\r\n<div>Vì đồng chí, đồng đội đang ngày đêm cố giữ.</div>\r\n\r\n<div>Không cho kẻ thù, chạm vào đất quê hương...</div>\r\n\r\n<div> </div>\r\n\r\n<div>Con trai à, hãy cố nén đau thương.</div>\r\n\r\n<div>Nếu một mai cha không trở về nữa.</div>\r\n\r\n<div>Hãy chăm sóc mẹ... như hai người đàn ông đã hứa.</div>\r\n\r\n<div>Và hãy lớn thật mau... nối tiếp bước của cha...</div>\r\n\r\n<div> </div>\r\n\r\n<div>Xem nhận xét của các thành viên mạng xã hội haivl về bài thơ này.</div>\r\n\r\n<div> </div>\r\n\r\n<div><img alt=\"“Cảm động quá” là nhận xét của bạn Dai NguyenHai.\" src=\"http://dantri4.vcmedia.vn/a3HWDOlTcvMNT73KRccc/Image/2014/05/17-f4421.jpg\" /><br />\r\n </div>\r\n\r\n<div> </div>\r\n\r\n<div> </div>\r\n\r\n<div>“Cảm động quá” là nhận xét của bạn Dai NguyenHai.</div>\r\n\r\n<div> </div>\r\n\r\n<div>Bạn Del Smile viết: “Quá hay. Chúc anh sớm trở về với gia đình”.</div>\r\n\r\n<div> </div>\r\n\r\n<div>Bạn Huan Hoang xúc động mạnh: “Có ai đọc từng câu chữ mà ứa lệ như mình không”.</div>\r\n\r\n<div> </div>\r\n\r\n<div>“Đọc mà khóe mắt cay cay”, bạn Mai Fox chia sẻ!</div>\r\n\r\n<div> </div>\r\n\r\n<div>Trước đó, bài thơ \"Tiếng biển\" về người lính Việt Nam cũng khiến dân mạng cảm động và lan tỏa mạnh mẽ trên mạng xã hội.</div>\r\n\r\n<div> </div>\r\n\r\n<div>Theo <strong>Y Quyên</strong></div>\r\n\r\n<div><em>Một Thế Giới</em></div>', 'dantri.com.vn', 1399965521, 'Y', 7, 1),
(27, 'Sự lừa đảo của cuốn tự truyện từng gây rúng động thế giới', '1399965598_tutruyen.jpg', 'Một cuốn tự truyện về ký ức kinh hoàng của một cô bé Do Thái trốn chạy thảm kịch diệt chủng từng gây rúng động thế giới. Mới đây, một phát hiện khác về cuốn sách này, còn rúng động hơn.', '<p><img alt=\"Sự lừa đảo đằng sau cuốn tự truyện từng rúng động thế giới\" src=\"http://dantri4.vcmedia.vn/a3HWDOlTcvMNT73KRccc/Image/2014/05/20-9711c.jpg\" /><br />\r\n </p>\r\n\r\n<p>Xuất bản năm 1997, “Misha: A Mémoire of the Holocaust Years” (tạm dịch: Misha - Hồi ức về những năm tháng diệt chủng người Do Thái) kể về những trải nghiệm có thật của một cô gái Do Thái sống ở Brussels (Bỉ), cô đã một mình đi bộ xuyên Châu Âu sau khi cha mẹ bị quân Đức Quốc xã bắt.</p>\r\n\r\n<p>Tác giả của cuốn tự truyện này là bà Misha Defonseca, năm nay 76 tuổi. Năm 1998, bà Misha Defonseca đã thắng trong một vụ kiện đối với nhà xuất bản Mt. Ivy Press mà đại diện là bà Jane Daniel, vì đã thực hiện nhiều hoạt động không được sự cho phép của tác giả cuốn sách.</p>\r\n\r\n<p>Trong vụ kiện này, bà Misha đã thắng và giành về 32,4 triệu đô la (hơn 684 tỉ VNĐ) vì bị bà Jane Daniel vi phạm bản quyền.</p>\r\n\r\n<p>Bà Jane Daniel đã kháng cáo nhưng đến năm 2005, tòa án bang Massachusetts (Mỹ) vẫn giữ nguyên phán quyết.</p>\r\n\r\n<p>Tuy vậy, trong quá trình tiến hành kiện tụng, những điều mâu thuẫn trong cuốn tự truyện của bà Misha Defonseca đã bắt đầu làm dấy lên những nghi ngờ.</p>\r\n\r\n<p>Trong cuốn hồi ký của mình, Misha Defonseca viết rằng bản thân bà từng thực hiện chuyến hành trình vất vả dài hơn 3.000 km xuyên Châu Âu, mà chủ yếu là đi bộ, để tìm lại cha mẹ.</p>\r\n\r\n<p>Bà sống nhiều tháng trong rừng và thường xuyên thấy những đàn sói rừng lảng vảng xung quanh, đồng thời, cô bé là bà khi đó còn phải lẩn trốn quân Đức Quốc xã. Trong một lần không may phải đối đầu với một tên lính Đức định cưỡng hiếp mình, Defonseca đã dùng dao đâm chết tên lính.</p>\r\n\r\n<p>Tất cả những sự việc này được cho là đã xảy ra trong khoảng thời gian tác giả còn là một cô bé 7-11 tuổi.</p>\r\n\r\n<p><img alt=\"Sự lừa đảo đằng sau cuốn tự truyện từng rúng động thế giới\" src=\"http://dantri4.vcmedia.vn/a3HWDOlTcvMNT73KRccc/Image/2014/05/19-9711c.jpg\" /><br />\r\nDefonseca từng viết trong cuốn tự truyện của mình rằng bà đã sống một thời gian ở trong rừng với sự hiện diện thường trực của những đàn sói, trong khi đang lẩn trốn quân Đức Quốc xã.</p>\r\n\r\n<p>Sau khi bị xử thua tại tòa, những chi tiết trong truyện bắt đầu khiến bà Jane Daniel nghi ngờ và quyết định sẽ tìm hiểu sâu kỹ vì cho rằng rất có thể Defonseca đã nói dối nhiều điểm trong cuốn tự truyện.</p>\r\n\r\n<p>Sau khi lục lại thông tin về bà Misha Defonseca, Jane Daniel phát hiện ra rằng tên thật của người phụ nữ này là Monica Ernestine Josephine De Wael, thực tế, người phụ nữ này không phải người Do Thái.</p>\r\n\r\n<p>Trong quãng thời gian mà Misha nói rằng bà phải sống trong rừng với những đàn sói, đã kết thân với một con sói mẹ và những con sói con, thậm chí từng giết chết một tên lính Đức Quốc xã…, thực tế, ở thời điểm này, bà đang theo học tại một ngôi trường ở Brussels (Bỉ).</p>\r\n\r\n<p>Misha hiện giờ đang sống ở bang Massachusetts (Mỹ). Sau khi sự thật bị phanh phui, bà Misha đã thú nhận rằng cuốn tự truyện bán rất chạy của mình thực tế được viết ra bằng trí tưởng tượng. Hiện giờ, cuốn tự truyện này đã được dịch sang 18 thứ tiếng và thậm chí từng được chuyển thể thành phim điện ảnh tại Pháp - “Survivre avec des loups” (Sống sót với đàn sói - 2007).</p>\r\n\r\n<p> </p>\r\n\r\n<p>Bà Misha thông qua luật sư của mình đã trả lời phỏng vấn báo chí rằng: “Câu chuyện này là của tôi. Nó không phải là thực tế những gì đã diễn ra, nhưng nó vẫn là một phần thực tế của tôi, là cách tôi đã sống. Tôi cầu xin sự tha thứ từ tất cả những ai cảm thấy bị tôi lừa dối. Tôi cầu xin các bạn hãy đặt mình vào địa vị của tôi, vào vị trí của một cô gái đã mất mát quá nhiều thứ kể từ năm lên 4”.</p>\r\n\r\n<p><img alt=\"Bà Misha Defonseca mới đây đã thú nhận những gì bà kể trong cuốn tự truyện phần lớn là bịa đặt.\" src=\"http://dantri4.vcmedia.vn/a3HWDOlTcvMNT73KRccc/Image/2014/05/18-9711c.jpg\" /><br />\r\nBà Misha Defonseca mới đây đã thú nhận những gì bà kể trong cuốn tự truyện phần lớn là bịa đặt.</p>\r\n\r\n<p>Qua đây, bà Misha đã chia sẻ câu chuyện thật về cuộc đời mình, rằng năm bà lên 4 tuổi, cha mẹ đã bị bắt đi và kể từ đó, Misha lớn lên với sự chăm sóc của ông và bác ruột.</p>\r\n\r\n<p>Misha cho biết gia đình nhận nuôi bà sau đó đã đối xử với bà rất tệ bạc, họ thường gọi bà là “con gái của kẻ phản quốc” bởi cha mẹ bà đã tham gia vào những hoạt động ủng hộ người Do Thái, điều đó khiến bà “cảm thấy như thể mình cũng là người Do Thái” vậy.</p>\r\n\r\n<p>Bà Misha chia sẻ có những giai đoạn trong cuộc đời bà cảm thấy rất khó khăn trong việc phân biệt đâu là sự việc có thật, đâu là sự việc chỉ xảy ra trong trí tưởng tượng của mình.</p>\r\n\r\n<p>Đại diện nhà xuất bản Mt. Ivy Press - bà Jane Daniel - đã đề nghị bà Misha viết cuốn tự truyện này hồi thập niên 1990 sau khi nghe bà Misha kể về câu chuyện đời mình tại một giáo đường dành cho những người Do Thái ở bang Massachusetts (Mỹ).</p>\r\n\r\n<p>Jane Daniel và Misha Defonseca bắt đầu trở nên bất đồng về vấn đề lợi nhuận thu được từ cuốn sách bán chạy. Sự bất đồng đã dẫn tới vụ kiện tụng kể trên.</p>\r\n\r\n<p>Giờ đây, khi tòa án đã có thể khẳng định rằng bà Defonseca hoàn toàn dựng lên một câu chuyện bịa đặt, lời phán quyết trước đó đã bị hủy bỏ, bà Defonseca buộc phải bồi hoàn lại số tiền đã nhận từ bà Jane Daniel.</p>\r\n\r\n<p><strong>Bích Ngọc</strong><br />\r\nTheo <em>DM</em></p>', 'dantri.com.vn', 1399965598, 'Y', 7, 1),
(28, 'Video tàu Trung Quốc tấn công, tiến sát tàu Việt Nam', '1399965791_voirong-28a67-14f3d-02edd.jpg', 'Bộ Tư lệnh Cảnh sát biển Việt Nam cho biết, trong ngày 12/5, các tàu, máy bay Trung Quốc tiếp tục sử dụng vòi rồng, tiến sát ngăn chặn lực lượng thực thi pháp luật của Việt Nam tiếp cận giàn khoan Hải Dương 981.', '<div>\r\n<div>\r\n<p><object classid=\"clsid:D27CDB6E-AE6D-11cf-96B8-444553540000\" height=\"357\" id=\"playerVCC\" width=\"500\"><param name=\"wmode\" value=\"transparent\" /><param name=\"movie\" value=\"http://cache.hosting.vcmedia.vn/?key=390da3749e42449087eab4c46b6b2dfa&amp;pname=mediaplayer.swf\" /><param name=\"allowFullScreen\" value=\"true\" /><param name=\"flashvars\" value=\"videotag=true&amp;autostart=false\" /><param name=\"allowscriptaccess\" value=\"always\" /><embed allowscriptaccess=\"always\" bgcolor=\"\" height=\"357\" quality=\"high\" src=\"http://cache.hosting.vcmedia.vn/?key=390da3749e42449087eab4c46b6b2dfa&amp;pname=mediaplayer.swf\" type=\"application/x-shockwave-flash\" width=\"500\" wmode=\"transparent\"></embed></object></p>\r\n\r\n<p>Cũng trong ngày 12/5, tàu CSB 8003 của Cảnh sát biển Việt Nam, cách giàn khoan Hải Dương 981 khoảng 7,3 hải lý đã phát hiện tàu Hộ vệ tên lửa của Trung Quốc mang số hiệu 534 cách tàu 8003 khoảng 3 hải lý. Sau đó, hai tàu Hải cảnh mang số hiệu 3210 và 3411 ở phía trước và sau mũi tàu CSB 8003 với khoảng cách từ 300 đến 500m.<br />\r\n<br />\r\nVào lúc gần 9h, cách giàn khoan HảiDương 981 khoảng 7 hải lý, tàu Hải Cảnh Trung Quốc 3401 sử dụng vòi rồng phun nước vào tàu Trường Sa 22 của Việt Nam.<br />\r\n </p>\r\n\r\n<div><object classid=\"clsid:D27CDB6E-AE6D-11cf-96B8-444553540000\" height=\"357\" id=\"playerVCC\" width=\"500\"><param name=\"wmode\" value=\"transparent\" /><param name=\"movie\" value=\"http://cache.hosting.vcmedia.vn/?key=390da3749e42449087eab4c46b6b2dfa&amp;pname=mediaplayer.swf\" /><param name=\"allowFullScreen\" value=\"true\" /><param name=\"flashvars\" value=\"videotag=true&amp;autostart=false\" /><param name=\"allowscriptaccess\" value=\"always\" /><embed allowscriptaccess=\"always\" bgcolor=\"\" height=\"357\" quality=\"high\" src=\"http://cache.hosting.vcmedia.vn/?key=390da3749e42449087eab4c46b6b2dfa&amp;pname=mediaplayer.swf\" type=\"application/x-shockwave-flash\" width=\"500\" wmode=\"transparent\"></embed></object><br />\r\nMáy bay Trung Quốc bay cách tàu của Việt Nam 250 - 300m</div>\r\n</div>\r\n<br />\r\n<object classid=\"clsid:D27CDB6E-AE6D-11cf-96B8-444553540000\" height=\"357\" id=\"playerVCC\" width=\"500\"><param name=\"wmode\" value=\"transparent\" /><param name=\"movie\" value=\"http://cache.hosting.vcmedia.vn/?key=e1f6df06a4614a57befe372d3f6e1376&amp;pname=mediaplayer.swf\" /><param name=\"allowFullScreen\" value=\"true\" /><param name=\"flashvars\" value=\"videotag=true&amp;autostart=false\" /><param name=\"allowscriptaccess\" value=\"always\" /><embed allowscriptaccess=\"always\" bgcolor=\"\" height=\"357\" quality=\"high\" src=\"http://cache.hosting.vcmedia.vn/?key=e1f6df06a4614a57befe372d3f6e1376&amp;pname=mediaplayer.swf\" type=\"application/x-shockwave-flash\" width=\"500\" wmode=\"transparent\"></embed></object><br />\r\nTàu Trung Quốc tiến gần tàu của Việt Nam<br />\r\n </div>\r\n\r\n<div>Cũng trong ngày hôm qua máy bay trực thăng B.7112 của Trung Quốc bay 2 vòng trên tàu CSB 8003 và Trường Sa 22 của Việt Nam với độ cao 250 - 300m ở khu vực có nhiều tàu Trung Quốc hoạt động. Tàu 3411 và 1 tàu khác của Trung Quốc liên tục bám sát Tàu CSB 8003 và 2013 ở khoảng cách khoảng 500 mét.<br />\r\n </div>\r\n\r\n<div><strong>Quang Phong</strong></div>', 'dantri.com.vn', 1399965791, 'Y', 1, 1),
(29, '\"Tàu Trung Quốc nhăm nhe khiêu khích nhằm cài bẫy Việt Nam\"', '1399965982_kiem-ngu-b2a3d.jpg', '\"Ngày nào tàu Trung Quốc cũng ra khiêu khích nhằm giăng bẫy tàu kiểm ngư của ta, để vu oan rằng tàu của chúng ta tấn công họ. Trung Quốc đã điều thêm máy bay quân sự để bảo vệ giàn khoan\" - Phó Cục trưởng Cục Kiểm ngư Nguyễn Văn Trung nói.', '<p>Trao đổi với PV <em>Dân trí</em> sáng 13/5, Phó Cục trưởng Cục Kiểm ngư (Bộ NN&PTNT) Nguyễn Văn Trung cung cấp những thông tin mới nhất về diễn biến tại khu vực điểm nóng Hải Dương - 981.</p>\r\n\r\n<p>“Không chỉ ngày 12 vừa qua Trung Quốc mới thực hiện âm mưu giăng bẫy tàu kiểm ngư Việt Nam mà họ vẫn thường xuyên có những hành động khiêu khích nhằm cho kiểm ngư của ta mắc bẫy,” ông Trung cho biết.</p>\r\n\r\n<p> </p>\r\n\r\n<div><img alt=\"Nguyễn Văn Trung, Phó Cục trưởng Cục Kiểm Ngư (Bộ NN&amp;PTNT)\" src=\"http://dantri4.vcmedia.vn/fHyjZiIccccccccccccj/Image/2014/03/Kiem-ngu-b2a3d.jpg\" style=\"width:400px\" /></div>\r\n\r\n<div>Nguyễn Văn Trung, Phó Cục trưởng Cục Kiểm Ngư (Bộ NN&PTNT)</div>\r\n\r\n<p> </p>\r\n\r\n<p>Ông Trung xác nhận, sáng 12/5, tàu kiểm ngư của Việt Nam đã kiên cường đáp trả lại tàu Trung Quốc bằng cách phun vòi rồng vào tàu của họ. Tuy nhiên tính đến sáng nay, 13/5 vẫn chưa có thông tin nào cập nhật thêm về vụ va chạm nào giữa tàu của Việt Nam với tàu của Trung Quốc. Phó Cục trưởng Cục Kiểm ngư nhấn mạnh, cũng chưa thể khẳng định Trung Quốc có bớt hung hăng trong hành động so với những diễn biến vừa qua hay không.</p>\r\n\r\n<p>Cũng theo ông Trung, mặc dù tình hình thực địa trên biển Đông vẫn rất căng thẳng nhưng tinh thần sẵn sàng chiến đấu của lực lượng kiểm ngư và các lực lượng liên quan trên rất kiên cường và nhất quán.</p>\r\n\r\n<p><strong>Trung Quốc điều thêm máy bay quân sự bảo vệ giàn khoan</strong></p>\r\n\r\n<p>“Từ trước đến nay Trung Quốc vẫn duy trì máy bay bảo vệ ở khu vực giàn khoan HD981 nhưng gần đây họ đã điều thêm máy quân sự. Các lực lượng của ta vẫn cố gắng ép vào, tiếp cận sát giàn khoan nhưng phía Trung Quốc cũng mở rộng hơn vòng bảo vệ” - ông Trung khẳng định.</p>\r\n\r\n<p> </p>\r\n\r\n<div><img alt=\"Tàu lớn của Trung Quốc vun vòi rồng vào tàu Kiểm Ngư Việt Nam\" src=\"http://dantri4.vcmedia.vn/fHyjZiIccccccccccccj/Image/2014/03/voi-rong-a9aeb.jpg\" style=\"width:486px\" /></div>\r\n\r\n<div>Tàu lớn của Trung Quốc vun vòi rồng vào tàu Kiểm Ngư Việt Nam</div>\r\n\r\n<p> </p>\r\n\r\n<p>Mặc dù tình hình trên biển Đông vẫn rất căng thẳng nhưng tinh thần của ngư dân Việt Nam vẫn rất kiên cường, quyết tâm bám biển, bám ngư trường.“Ngư dân vẫn rất hăng hái ra khơi. Số lượng tàu của ngư dân Việt Nam trên biển Đông càng ngày càng tăng và đây thực sự là một tín hiệu tốt” - ông Trung nhận định.</p>\r\n\r\n<p><strong>Việt Nam sẵn sàng kế hoạch đối phó ngoài thực địa</strong></p>\r\n\r\n<p>Trước câu hỏi của PV Dân trí rằng liệu Trung Quốc có xuống thang không sau những tuyên bố rất cứng rắn của Thủ tướng Nguyễn Tấn Dũng tại Hội nghị Thượng định ASEAN (ASEAN Summit) 2014 vừa rồi, ông Trung cho biết, vẫn cần thêm những tác động từ phía quốc tế. Tuyên bố của Thủ tướng là một biện pháp ngoại giao chính trị. Ngoài ra, Việt Nam còn nhiều biện pháp khác nữa để buộc Trung Quốc phải rút, dỡ giàn khoan ra khỏi thềm lục địa thuộc chủ quyền biển đảo của đất nước.</p>\r\n\r\n<p>“Việt Nam đã sẵn sàng một kế hoạch đối phó ngoài thực địa” - ông Trung khẳng định.</p>\r\n\r\n<p><strong>Thảo Nguyên</strong></p>', 'dantri.com.vn', 1399965982, 'Y', 1, 1),
(30, 'Người dân Cần Thơ tuần hành phản đối Trung Quốc', '1399966033_cantho1-1399901959_180x108.jpg', 'Sau cơn mưa nhẹ, 17h chiều 12/5, hàng nghìn người ở TP Cần Thơ đã tuần hành phản đối Trung Quốc đưa giàn khoan trái phép vào vùng đặc quyền kinh tế của Việt Nam.', '<div> </div>\r\n\r\n<div>\r\n<table align=\"center\" border=\"0\" cellpadding=\"3\" cellspacing=\"0\" style=\"width:480px\">\r\n	<tbody>\r\n		<tr>\r\n			<td><img alt=\"Can-Tho-phan-doi-TQ-1583-1399901968.jpg\" src=\"http://m.f29.img.vnecdn.net/2014/05/12/Can-Tho-phan-doi-TQ-1583-1399901968.jpg\" style=\"border:0px; line-height:0; width:480px\" /></td>\r\n		</tr>\r\n		<tr>\r\n			<td>\r\n			<p>Người dân TP Cần Thơ phản đối Trung Quốc. Ảnh: <em>Quốc Triệu.</em></p>\r\n			</td>\r\n		</tr>\r\n	</tbody>\r\n</table>\r\n\r\n<p>Phát biểu trước cuộc tuần hành tại Quảng trường công viên Lưu Hữu Phước, đại diện Ủy ban MTTQ, Hội Cựu chiến binh và Ủy ban Đoàn kết Công giáo TP Cần Thơ đã kịch liệt phản đối Trung Quốc hạ đặt trái phép giàn khoan Hải Dương 981 trên vùng đặt quyền kinh tế, thềm lục địa của Việt Nam. Ủy ban MTTQ Cần Thơ kêu gọi dư luận yêu chuộng hòa bình và công lý trên toàn thế giới lên tiếng yêu cầu Trung Quốc tôn trọng luật pháp quốc tế và chủ quyền hợp pháp của Việt Nam, chấm dứt các hành động đơn phương, đe dọa hoà bình, ổn định, gây mất an ninh trong khu vực.</p>\r\n\r\n<table align=\"center\" border=\"0\" cellpadding=\"3\" cellspacing=\"0\" style=\"width:480px\">\r\n	<tbody>\r\n		<tr>\r\n			<td><img alt=\"Can-Tho-phan-doi-TQ-1-9728-1399901968.jp\" src=\"http://m.f29.img.vnecdn.net/2014/05/12/Can-Tho-phan-doi-TQ-1-9728-1399901968.jpg\" style=\"border:0px; line-height:0; width:480px\" /></td>\r\n		</tr>\r\n		<tr>\r\n			<td>\r\n			<p>Một phụ nữ Cần Thơ giơ cao dòng chữ \"Trung Quốc rút khỏi giàn khoan ra khỏi lãnh hải Việt Nam\". Ảnh: <em>Quốc Triệu.</em></p>\r\n			</td>\r\n		</tr>\r\n	</tbody>\r\n</table>\r\n\r\n<p>Ngay sau đó, trên 2.000 người tham gia tuần hành trật tự trên Đại lộ Hòa Bình ở quận Ninh Kiều, từ Công viên Lưu Hữu Phước đến vòng xoay đường Nguyễn Trãi và ngược lại.</p>\r\n\r\n<p>Không chỉ có các bạn trẻ, nhiều người cao tuổi cũng căng băng rôn, biểu ngữ: \"Trung Quốc đưa giàn khoan Hải Dương 981 vào lãnh hải Việt Nam là vi phạm nghiêm trọng chủ quyền, quyền chủ quyền và quyền tài phán của Việt Nam\", \"Trung Quốc rút ngay giàn khoan ra khỏi Việt Nam\", \"Trường Sa, Hoàng Sa là của Việt Nam\"…</p>\r\n\r\n<table align=\"center\" border=\"0\" cellpadding=\"3\" cellspacing=\"0\" style=\"width:480px\">\r\n	<tbody>\r\n		<tr>\r\n			<td><img alt=\"Can-Tho-2010-1399901968.jpg\" src=\"http://m.f29.img.vnecdn.net/2014/05/12/Can-Tho-2010-1399901968.jpg\" style=\"border:0px; line-height:0; width:480px\" /></td>\r\n		</tr>\r\n		<tr>\r\n			<td>\r\n			<p>Cuộc tuần hành với hơn 2.000 người để chống đối Trung Quốc tại Cần Thơ chiều 12/5. Ảnh: <em>Quốc Triệu.</em></p>\r\n			</td>\r\n		</tr>\r\n	</tbody>\r\n</table>\r\n\r\n<p>Cuộc tuần hành kéo dài đến tối và diễn ra trong trật tự.</p>\r\n\r\n<p><strong>Quốc Triệu</strong></p>\r\n</div>', 'vnexpress.net', 1399966033, 'Y', 1, 1),
(31, 'TP HCM triệu Tổng lãnh sự Trung Quốc để phản đối việc đặt giàn khoan', '1399966097_bt-5788-1399907158_180x108.jpg', 'Phản đối Trung Quốc đưa giàn khoan Hải Dương-981 vào thềm lục địa Việt Nam, Sở Ngoại vụ TP HCM đồng thời đề nghị Tổng lãnh sự Sài Văn Duệ trao đổi thông tin, nhằm đảm bảo an ninh cho trụ sở Lãnh sự quán nước này.', '<p>Ngày 12/5, Sở Ngoại vụ TP HCM đã mời Tổng lãnh sự Trung Quốc tại TP HCM Sài Văn Duệ đến để phản đối việc Trung Quốc đơn phương đưa giàn khoan Hải Dương-981 và một lượng lớn tàu các loại, trong đó có tàu quân sự và nhiều lượt máy bay trinh sát, quân sự hoạt động hoàn toàn trong vùng đặc quyền kinh tế và thềm lục địa của Việt Nam.</p>\r\n\r\n<table align=\"center\" border=\"0\" cellpadding=\"3\" cellspacing=\"0\" style=\"width:480px\">\r\n	<tbody>\r\n		<tr>\r\n			<td><img alt=\"bt-1209-1399907157.jpg\" src=\"http://m.f29.img.vnecdn.net/2014/05/12/bt-1209-1399907157.jpg\" style=\"border:0px; line-height:0; width:480px\" /></td>\r\n		</tr>\r\n		<tr>\r\n			<td>\r\n			<p>Người dân TP HCM biểu tình phản đối trước trụ sở Tổng lãnh sự quán Trung Quốc trên đường Hai Bà Trưng (quận 3) hôm 10/5. Ảnh: <em>Trung Sơn.</em></p>\r\n			</td>\r\n		</tr>\r\n	</tbody>\r\n</table>\r\n\r\n<p>Tại buổi làm việc, ông Nguyễn Hồng Lĩnh, Giám đốc Sở Ngoại vụ TP HCM nhấn mạnh, việc làm trên của Trung Quốc là bất hợp pháp, đi ngược lại luật pháp và thông lệ quốc tế, vi phạm nghiêm trọng chủ quyền của Việt Nam với Hoàng Sa, quyền chủ quyền và quyền tài phán với các vùng đặc quyền kinh tế và thềm lục địa của Việt Nam. Việc làm này cũng ảnh hưởng tiêu cực đến sự tin cậy chính trị và các mặt hợp tác giữa hai nước, làm tổn thương tình cảm của người dân Việt Nam, trong đó có nhân dân TP HCM.</p>\r\n\r\n<p>Giám đốc Sở Ngoại vụ khẳng định, Việt Nam sẽ áp dụng mọi biện pháp phù hợp cần thiết để bảo vệ các quyền và lợi ích chính đáng của mình.</p>\r\n\r\n<p>Đồng thời, Việt Nam luôn thể hiện thiện chí, kiên trì giải quyết thỏa đáng bất đồng thông qua đàm phán, đối thoại và các biện pháp hòa bình khác theo đúng nhận thức chung của lãnh đạo cấp cao hai nước, không để vấn đề này tổn hại đến sự tin cậy chính trị và hợp tác giữa hai bên. </p>\r\n\r\n<p>Theo Sở Ngoại vụ, nhiều tầng lớp nhân dân TP HCM rất bất bình và bày tỏ sự phản đối của mình với việc Trung Quốc đã xâm phạm trắng trợn chủ quyền trên biển của Việt Nam, yêu cầu Trung Quốc rút ngay giàn khoan cùng các tàu ra khỏi vùng biển của Việt Nam. Người dân cũng ủng hộ chủ trương của Chính phủ giải quyết các tranh chấp trên Biển Đông bằng biện pháp hòa bình.</p>\r\n\r\n<p>Sở Ngoại vụ đã đề nghị Tổng Lãnh sự quán Trung Quốc phối hợp chặt chẽ trong việc trao đổi thông tin, nhằm đảm bảo an ninh, an toàn cho trụ sở Tổng Lãnh sự quán tại TP HCM và công dân Trung Quốc.</p>\r\n\r\n<p>Động thái này của TP HCM diễn ra trong bối cảnh Trung Quốc liên tục mở rộng phạm vi cấm tất cả các loại tàu bè hoạt động quanh giàn khoan, đồng thời sử dụng nhiều tốp máy bay, trong đó có máy bay quân sự tham gia bảo vệ giàn khoan này. Người dân Việt Nam ở cả ba miền đất nước đã tuần hành ôn hòa, yêu cầu Trung Quốc dời giàn khoan ra khỏi vùng biển Việt Nam.</p>\r\n\r\n<p>Hải Dương-981 là loại giàn khoan nửa chìm nửa nổi, có chiều dài 114 m, chiều rộng 89 m và chiều cao 117 m, độ sâu hoạt động tối đa là 3.000 m và độ khoan sâu tối đa là 10.000 m. Giàn khoan trị giá khoảng 1 tỷ USD nàyđược đưa vào Biển Đông lần đầu tiên tháng 5/2012, ở phía nam Hong Kong.</p>\r\n\r\n<p><strong>Hữu Công</strong></p>', 'vnexpress.net', 1399966097, 'Y', 1, 1),
(32, 'Máy bay, tàu Trung Quốc liên tục uy hiếp tàu Việt Nam', '1399966186_tq-tan-cong-2-7664-1399900315_180x108.jpg', 'Trực thăng B.7112 của Trung Quốc bay 2 vòng phía trên tàu CSB 8003 và Trường Sa 22 của Việt Nam với độ cao 250-300m, ở khu vực có nhiều tàu Trung Quốc hoạt động.', '<p>Dẫn nguồn từ Cục Cảnh sát biển Việt Nam, <em>VTV </em>cho biết, ngày 12/5, các tàu Hải cảnh, Hải giám, tàu quân sự, máy bay của Trung Quốc tiếp tục ngăn chặn lực lượng thực thi pháp luật của Việt Nam tiếp cận giàn khoan Hải Dương 981.</p>\r\n\r\n<p>Vào lúc 8h40 phút, tại tọa độ 15 độ 22 phút - 111 độ 9 phút, cách Nam giàn khoan Hải Dương 981 khoảng 7 hải lý, tàu Hải cảnh 3401 của Trung Quốc sử dụng vòi rồng phun nước vào tàu Trường Sa 22 của Việt Nam.</p>\r\n\r\n<p>Vào lúc 9h, tàu CSB 8003 của cảnh sát biển Việt Nam ở tọa độ 15 độ 31 phút 48 giây – 111 độ 4 phút 30 giây, cách giàn khoan Hải Dương 981 khoảng 7,3 hải lý đã phát hiện tàu hộ vệ tên lửa của Trung Quốc mang số hiệu 534 áp sát, cách tàu 8003 khoảng 3 hải lý.</p>\r\n\r\n<div>\r\n<div>\r\n<div><iframe allowfullscreen=\"\" frameborder=\"0\" height=\"270\" src=\"http://vnexpress.net/parser.php?id=17829&amp;t=2&amp;ft=video&amp;si=1000000&amp;ap=1&amp;ishome=0\" width=\"480\"></iframe></div>\r\n</div>\r\n</div>\r\n\r\n<p>9h21 phút, hai tàu Hải cảnh của Trung Quốc mang số hiệu 3411và 3210 tiếp cận phía đuôi và mũi tàu CSB 8003 của cảnh sát biển Việt Nam ở cự ly khoảng 300-500m.</p>\r\n\r\n<p>Từ 9h15 phút đến 9h30 phút, máy bay trực thăng B.7112 của Trung Quốc bay 2 vòng phía trên tàu CSB 8003 và Trường Sa 22 của Việt Nam với độ cao 250-300m trong khu vực có nhiều tàu Trung Quốc hoạt động. Tàu 3411 và một tàu khác của Trung Quốc liên tục bám sát tàu CBS 8003 và 2013 ở khoảng cách khoảng 500m.</p>\r\n\r\n<p>Phó tư lệnh cảnh sát Biển Việt Nam Ngô Ngọc Thu cho <em>VnExpress</em> biết, tình hình ở khu vực Trung Quốc đặt giàn khoan Hải Dương 981 trái phép vẫn chưa có dấu hiệu lắng dịu.</p>\r\n\r\n<p>Trước đó, trong hai ngày qua, Trung Quốc mở rộng phạm vi cấm tất cả các loại tàu bè hoạt động quanh giàn khoan, đồng thời sử dụng nhiều tốp máy bay, trong đó có máy bay quân sự tham gia bảo vệ giàn khoan này.</p>\r\n\r\n<table align=\"center\" border=\"0\" cellpadding=\"3\" cellspacing=\"0\" style=\"width:480px\">\r\n	<tbody>\r\n		<tr>\r\n			<td><img alt=\"TQ-tan-cong-2-5204-1399900315.jpg\" src=\"http://m.f29.img.vnecdn.net/2014/05/12/TQ-tan-cong-2-5204-1399900315.jpg\" style=\"border:0px; line-height:0; width:480px\" /></td>\r\n		</tr>\r\n		<tr>\r\n			<td>\r\n			<p>Tàu của lực lượng chấp pháp Việt Nam bị hư hỏng do tàu Trung Quốc tấn công.<em>Ảnh: Bộ Ngoại giao cung cấp.</em></p>\r\n			</td>\r\n		</tr>\r\n	</tbody>\r\n</table>\r\n\r\n<p>Hải Dương 981 là loại giàn khoan nửa chìm nửa nổi, có chiều dài 114 m, chiều rộng 89 m và chiều cao 117 m, độ sâu hoạt động tối đa là 3.000 m và độ khoan sâu tối đa là 10.000 m. Trị giá ước tính của nó lên tới 1 tỷ USD.</p>\r\n\r\n<p>Đây là thế hệ giàn khoan kết hợp các thiết kế, công nghệ và thiết bị mới của thế giới. Giàn khoan được trang bị 8 máy phát điện 44.000 kilowatt, động cơ đẩy với sức mạnh mỗi động cơ tương đương 5 đầu máy xe lửa. Các động cơ đẩy sẽ chống lại tác động từ gió, sóng và dòng chảy của đại dương. Nó được đưa vào Biển Đông lần đầu tiên tháng 5/2012, vị trí ở phía nam Hong Kong.</p>\r\n\r\n<p><strong>Hoàng Thùy</strong></p>', 'vnexpress.net', 1399966186, 'Y', 1, 1),
(33, 'Truyền hình SCTV tấn công thị trường miền Bắc', '1400034834_sctv.jpg', 'Ngày 10/5, Truyền hình cáp SCTV khai trương văn phòng tại Hà Nội, chính thức sự có mặt của mình tại thị trường miền Bắc.', '<div><img alt=\"Hình ảnh thương hiệu SCTV xuất hiện khắp nơi ở các tỉnh phía Bắc.\" src=\"http://dantri4.vcmedia.vn/IQ5RMXuLUXlq12iZhwxn/Image/2014/04/1-5a1d8.jpg\" style=\"width:455px\" /></div>\r\n\r\n<div>Hình ảnh thương hiệu SCTV xuất hiện khắp nơi ở các tỉnh phía Bắc.</div>\r\n\r\n<p> <strong>Cách chơi của \"anh Hai Sài Gòn\" trên đất Bắc</strong></p>\r\n\r\n<div>“Sân nhà” của Truyền hình cáp Saigontourist (SCTV) trước đây chủ yếu là thị trường phía Nam. Cùng với Truyền hình cáp TP.HCM (HTVC) suốt hơn 10 năm qua, SCTV “làm mưa, làm gió” tại thị trường miền Nam. Theo số liệu của Cục quản lý cạnh tranh Bộ Công thương, số lượng thuê bao truyền hình cáp đạt khoảng 4,4 triệu, riêng SCTV ước đạt hơn 2 triệu thuê bao (chiếm gần 45% thị phần truyền hình cáp VN).</div>\r\n\r\n<p>Tuy nhiên, tham vọng của nhà đài này không chỉ là làm bá chủ ở khu vực miền nam. Mấy năm gần đây, SCTV bắt đầu đầu tư mở rộng hạ tầng mạng cáp ra nhiều tỉnh, thành trên cả nước.</p>\r\n\r\n<p>Ngay khi Bộ Thông tin truyền thông bắt đầu thực hiện lộ trình số hóa truyền hình, SCTV được cấp phép cung cấp truyền hình số trên toàn quốc, “anh hai Sài Gòn” ngay lập tức tung ra một đợt khuyến mại “khủng” chưa từng thấy nhằm thu hút sự chú ý của thị trường miền bắc.</p>\r\n\r\n<div>Theo đó, khách hàng đăng ký dịch vụ truyền hình cáp sẽ được trang bị miễn phí 2 đầu thu và toàn bộ phí lắp đặt. Mức cước phải đóng cho dịch vụ truyền hình của SCTV là 80.000 đồng/tháng và thêm 49.000 đồng nếu lắp thêm tivi thứ hai trở lên. Với số tiền này, khách hàng của SCTV được xem 140 kênh, trong đó có hơn 30 kênh truyền hình độ nét cao (HD).</div>\r\n\r\n<div> </div>\r\n\r\n<div>Nếu dùng theo kiểu trọn gói cả truyền hình và internet, mức cước sẽ là 190.000 đồng/tháng. Ngoài ra, nếu đóng trước 3 tháng, khách hàng được tặng thêm 1 tháng sử dụng dịch vụ miễn phí. Như vậy, tính ra giá cước cho dịch vụ truyền hình trả tiền của SCTV chỉ còn 60.000 đồng/tháng và 120.000 đồng/tháng cho dịch vụ trọn gói bao gồm cả truyền hình và internet.</div>\r\n\r\n<p>Việc liên tục tung ra các chương trình khuyến mãi tặng đầu thu, miễn phí lắp đặt, giảm cước thuê bao, tặng thêm tháng sử dụng của SCTV đã ngay lập tức thu hút được hàng trăm ngàn thuê bao truyền hình của đất Bắc.</p>\r\n\r\n<p><strong>Công nghệ và nội vẫn là yếu tố then chốt</strong></p>\r\n\r\n<div>Ông Trịnh Hùng Hạnh, SCTV Hà Nội cho biết, “SCTV đặt mục tiêu sẽ cải thiện các gói dịch vụ phong phú về số lượng kênh, đảm bảo tín hiệu truyền dẫn chất lượng cao và mức phí thấp nhất trên thị trường hiện nay nhằm thực hiện mục tiêu đẩy nhanh lộ trình số hóa truyền hình của Chính phủ. Thế mạnh của SCTV là lấy công nghệ làm nền tảng, hạ tầng mạng cáp của SCTV được đầu tư với công nghệ và tiêu chuẩn của Châu Âu, đảm bảo chất lượng các dịch vụ đa phương tiện truyền thông – viễn thông tốc độ cao”.</div>\r\n\r\n<div> </div>\r\n\r\n<div>Bên cạnh đó, trong lĩnh vực truyền hình trả tiền, nội dung luôn được xem là yếu tố quan trọng trong quyết định sự sống còn của nhà đài. Do đó, cuộc chạy đua nội dung giữa các nhà đài ngày càng mạnh mẽ. Mỗi nhà đài, muốn tồn tại và phát triển phải có hướng đi riêng cho mình, nội dung thông tin phải đặc sắc, đa dạng cùng với việc trao đổi bản quyền các kênh nổi tiếng quốc tế, đáp ứng đầy đủ nhu cầu thông tin, giải trí của đông đảo khán giả mọi lứa tuổi, mọi ngành nghề.</div>\r\n\r\n<div> </div>\r\n\r\n<div>Hiện tại, SCTV đã có 30 kênh HD trên tổng số 140 kênh truyền hình, là nhà đài có số kênh HD lớn nhất. Ngoài ra, SCTV hiện đang ít nhất 5 kênh nằm trong 10 kênh có rating cao nhất tại TP.HCM. “Nội dung luôn được nghiên cứu phù hợp với thị hiếu thị trường, nhưng luôn đảm bảo thuần phong văn hóa Việt Nam – đó là hướng phát triển nội dung của SCTV”, ông Trịnh Hùng Hạnh khẳng định.</div>\r\n\r\n<div> </div>\r\n\r\n<div><img alt=\"Hình ảnh thương hiệu SCTV xuất hiện khắp nơi ở các tỉnh phía Bắc.\" src=\"http://dantri4.vcmedia.vn/IQ5RMXuLUXlq12iZhwxn/Image/2014/04/2-5a1d8.jpg\" style=\"width:455px\" /></div>\r\n\r\n<div>Sáng 10/5, SCTV đã tổ chức lễ ra mắt văn phòng tại Hà Nội ở tầng 11, tòa nhà VTC 23 Lạc Trung, Hà Nội. Ảnh: M.Q</div>\r\n\r\n<div> </div>\r\n\r\n<div>Chính sự có mặt của SCTV đã làm tăng tính cạnh tranh cho thị trường truyền hình trả tiền, khách hàng được lựa chọn những kênh truyền hình chất lượng cao, chương trình đặc sắc và mức giá phù hợp với túi tiền của mình.</div>\r\n\r\n<div> </div>\r\n\r\n<div><strong>Minh Hoàng</strong></div>', 'dantri.com.vn', 1400034834, 'Y', 6, 1),
(34, 'Thị trường vàng trong nước tái diễn cảnh “hai giá”', '1400034992_vang-104-edef1.jpg', 'Sáng nay 14/5, giá vàng trong nước tăng - giảm không đồng đều do chưa xác định rõ xu hướng. Tuy nhiên, giá vàng “nội” đã nới rộng khoảng cách chênh lệch so với vàng “ngoại” lên mức 2,8 triệu đồng/lượng.', '<div>\r\n<div><img alt=\"Giá vàng trong nước&nbsp;chưa xác định được xu hướng.\" src=\"http://dantri4.vcmedia.vn/A7NtpVPS6Q01uYGcccc/Image/2014/04/vang-104-edef1.jpg\" style=\"width:450px\" /></div>\r\n</div>\r\n\r\n<div>Giá vàng trong nước chưa xác định được xu hướng.</div>\r\n\r\n<p><span style=\"line-height:1.6\">Lúc 9h10 sáng nay 14/5, giá vàng SJC tại Hà Nội và TPHCM được Tập đoàn VBĐQ DOJI niêm yết giao dịch ở mức 35,72 triệu đồng/lượng (mua vào) - 35,76 triệu đồng/lượng (bán ra) đối với giao dịch bán lẻ và 35,73 triệu đồng/lượng - 35,75 triệu đồng/lượng đối với giao dịch bán buôn.</span></p>\r\n\r\n<p>So với chốt phiên hôm qua, giá vàng tại hai thành phố lớn qua niêm yết của DOJI điều chỉnh tăng nhẹ mỗi chiều 30.000 đồng/lượng và 40.000 đồng/lượng.</p>\r\n\r\n<p>Báo giá của một số cửa hàng vàng tại Hà Nội thì, giá vàng SJC hiện giao dịch ở mức 35,69 triệu đồng/lượng - 35,73 triệu đồng/lượng, giảm 10.000 đồng/lượng chiều mua vào còn giữ nguyên chiều bán ra so với chốt phiên hôm qua.</p>\r\n\r\n<p>Tại TPHCM, giá vàng SJC được một số doanh nghiệp vàng lớn niêm yết ở mức 35,71 triệu đồng/lượng - 35,75 triệu đồng/lượng, tăng nhẹ mỗi chiều 20.000 đồng/lượng so với hôm qua.</p>\r\n\r\n<p>Với mức giao dịch trên, vàng SJC hiện cao hơn giá vàng thế giới quy đổi tới 2,8 triệu đồng/lượng.</p>\r\n\r\n<p>Trên thị trường thế giới, lúc 9h sáng nay, giá vàng giao ngay tại châu Á qua niêm yết của Kitco.com có biên độ giảm gần 2 USD, giao dịch ở mức 1.292,8 USD/ounce. Trên sàn Comex, New York, giá vàng giao kỳ hạn tháng 6 giảm 0,1%, giao dịch ở mức 1.294,8 USD/ounce.</p>\r\n\r\n<p>Chứng khoán Mỹ tiếp tục lập đỉnh mới sau số liệu doanh số bán lẻ tháng 3 cao hơn báo cáo sơ bộ trước đó. Do đó, nhu cầu cất trữ tài sản an toàn giảm, khiến giá vàng đi xuống. Hôm qua, chỉ số S&P 500 có lúc vượt 1.900 điểm lần đầu tiên trong lịch sử.</p>\r\n\r\n<p>Thị trường chứng khoán tăng điểm nhờ số liệu doanh số bán lẻ Mỹ tháng trước tăng 0,1%, số liệu này tháng 3 được sửa đổi lại tăng tới 1,5%, mạnh nhất kể từ tháng 3/2010, thông tin do Bộ Thương mại Mỹ cung cấp.</p>\r\n\r\n<p>Chad Morganlander, nhà quản lý quỹ của Stifel Nicolaus đánh giá: “Nền kinh tế vẫn đang phục hồi. Chúng tôi tin rằng sẽ có sự cải tiến cơ bản trong xu hướng phát triển kinh tế năm nay. Đã có một số số liệu kinh tế vượt kỳ vọng, tuy nhiên nó không phải là sự thay đổi cuộc chơi”.</p>\r\n\r\n<p>Ngoài ra, đồng đô la Mỹ tăng cao nhất 1 tháng so với Euro cũng góp phần kéo giá vàng giảm. Fain Shaffer, Chủ tịch hãng Infinity Trading cho rằng: “Thị trường chứng khoán tiếp tục tăng và đồng đô la mạnh hơn khiến vàng kém hấp dẫn hơn. Tuy nhiên, một vài người mua vẫn đẩy giá vàng lên do lo ngại tình hình Ukraine”.</p>\r\n\r\n<p>Mới đây, ngân hàng UBS vừa hạ dự báo giá vàng tháng này từ 1.280 USD/ounce xuống còn 1.250 USD/ounce và giá vàng 2 tháng tới giảm từ 1.350 USD/ounce xuống 1.300 USD/ounce. Còn số liệu do Bloomberg cho biết, lượng vàng do các quỹ ETF nắm giữ giảm 8 tuần liên tiếp.</p>\r\n\r\n<p><strong>An Hạ</strong></p>', 'dantri.com.vn', 1400034992, 'Y', 6, 1),
(35, 'Từ 26 USD lập công ty nửa tỷ USD', '1400035099_christian-gheorghe-2195-1399954229_180x108.jpg', 'Năm 1989, Christian Gheorghe di cư từ Romania sang Mỹ chỉ với 26 USD trong túi, không thạo tiếng Anh, ở trong nhà trọ cho người trẻ và lái xe để kiếm sống.', '<p>Nhưng hiện tại, anh đã là nhà sáng lập của 4 doanh nghiệp rất thành công. Tất cả đều được bán với giá cao. Trong đó, OutlookSoft được đại gia phần mềm SAP mua lại năm 2007 với giá 500 triệu USD. Câu chuyện của  chính là ví dụ vượt khó điển hình trong các bộ phim Disney.</p>\r\n\r\n<p>Khi còn ở Romania, Gheorghe kiếm sống bằng nghề bán băng đĩa nhạc và học được một ít tiếng Anh qua các bài hát. Khi tiết kiệm đủ, anh mua cho mình một chiếc máy tính Commodore 64 có giá bằng lương cả năm. \"Lúc ấy, mọi người đều hỏi tôi: Cậu điên đấy à?\", Gheorghe cho biết trên<em>Business Insider.</em></p>\r\n\r\n<table align=\"center\" border=\"0\" cellpadding=\"3\" cellspacing=\"0\" style=\"width:480px\">\r\n	<tbody>\r\n		<tr>\r\n			<td><img alt=\"Christian-Gheorghe-5360-1399954229.jpg\" src=\"http://m.f25.img.vnecdn.net/2014/05/13/Christian-Gheorghe-5360-1399954229.jpg\" style=\"border:0px; line-height:0; width:480px\" /></td>\r\n		</tr>\r\n		<tr>\r\n			<td>\r\n			<p>Christian Gheorghe đã sang Mỹ chỉ với 26 USD trong túi. Ảnh: <em>NDTV</em></p>\r\n			</td>\r\n		</tr>\r\n	</tbody>\r\n</table>\r\n\r\n<p>Sau đó, anh tự học lập trình bằng cách xâm nhập các trò chơi có trong máy. Về sau, Gheorghe cũng theo một khóa bài bản và lấy bằng thạc sĩ tại Romania. Tuy nhiên, bằng này lại không được chấp nhận khi anh sang Mỹ.</p>\r\n\r\n<p>Để kiếm sống, Gheorghe phải làm lái xe. Đây chính là lúc anh gặp Andrew Saxe – người giúp anh phát triển sự nghiệp tại Mỹ. Trên chuyến đi, Saxe biết được đam mê của Gheorghe với máy tính và đề nghị anh đến văn phòng mình làm việc.</p>\r\n\r\n<p>Saxe có một công ty tư vấn phần mềm. Anh đã cùng Gheorghe xây dựng một doanh nghiệp về dữ liệu, sau đó bán cho đại gia dịch vụ thông tin - Experian. Gheorghe cũng đến đây làm giám đốc công nghệ trong vài năm.</p>\r\n\r\n<p>Sau đó, anh gây dựng công ty thứ 2 có tên TIAN, về sau sáp nhập với OutlookSoft. Công ty này chuyên phân tích dữ liệu doanh nghiệp và dự đoán xu hướng trong ngành thông qua các giao dịch tài chính.</p>\r\n\r\n<p>Thời điểm đó, các công ty hoạt động trong mảng này được những hãng lớn rất ưa chuộng. Đại gia phần mềm Oracle mua Hyperion, IBM mua Cognos, còn SAP mua OutlookSoft. Sau đó, Gheorghe lại về làm việc cho SAP thêm vài năm.</p>\r\n\r\n<p>4 năm trước, đam mê khởi nghiệp trong anh lại trỗi dậy và Tidemark ra đời. Anh vẫn tập trung vào phần mềm phân tích doanh nghiệp, nhưng được hiện đại hóa để chạy trên máy tính bảng và sử dụng công nghệ điện toán đám mây.</p>\r\n\r\n<p>Quan trọng hơn, nó được thiết kế gần giống giao diện Siri – phần mềm nhận diện giọng nói của Apple. Điều này có nghĩa người dùng không cần quá nhiều kiến thức kỹ thuật để tạo ra các báo cáo đã được lập trình sẵn. Bạn chỉ cần hỏi Tidemark bất kỳ câu hỏi nào về doanh nghiệp mình. Như tại sao mặt hàng này không bán chạy? Nếu tôi đưa thêm 3 người nữa vào dự án thì sao? Doanh thu quý tới của tôi sẽ là bao nhiêu? Tidemark sau đó sẽ trả lời bằng biểu đồ, thậm chí còn đưa ra tên người nào trong công ty có thể làm tốt.</p>\r\n\r\n<p>Tính năng này thực sự rất thu hút người dùng. Chỉ 18 tháng sau khi ra mắt, công ty của anh đã đạt doanh thu 45 triệu USD, tương đương tăng trưởng 300% mỗi năm. Mới đây, Tidemark cũng huy động được 80 triệu USD từ một số quỹ đầu tư như Greylock Partners, Redpoint Ventures hay Silicon Valley Bank.</p>\r\n\r\n<p><strong>Hà Thu</strong></p>', 'vnexpress.net', 1400035099, 'Y', 6, 1),
(36, 'Bí kíp đưa trẻ nhỏ đi du lịch bằng máy bay', '1400035266_dulich.jpg', 'Mang đồ ăn vặt hay đồ chơi lên máy bay, bạn sẽ giúp chuyến đi trở nên dễ dàng hơn cho trẻ nhỏ.', '<div id=\"left_calculator\">\r\n<div>\r\n<p><img alt=\"Bi-kip-3691-1399970725.jpg\" src=\"http://c0.f33.img.vnecdn.net/2014/05/13/Bi-kip-3691-1399970725.jpg\" style=\"border:0px; line-height:0\" /><br />\r\n </p>\r\n\r\n<p><strong>Anh Minh - Thanh Nhàn</strong><br />\r\n<em>Ảnh</em>:<strong> MOF</strong></p>\r\n</div>\r\n</div>', 'vnexpress.net', 1400035266, 'Y', 11, 1);
INSERT INTO `news` (`newsid`, `news_title`, `news_img`, `news_intro`, `news_full`, `news_source`, `news_date`, `news_public`, `cateid`, `userid`) VALUES
(37, 'Gia đình người Pháp đi vòng quanh châu Á đến Việt Nam', '1400035348_anh3-1399948740_180x108.jpg', 'Cặp vợ chồng Jerome và Linda cùng hai cậu con trai nhỏ đã rong ruổi đến nhiều nước châu Á bằng cách đi nhờ xe tải và đạp xe. Dừng chân một tháng tại Việt Nam, họ đã thăm đồng bằng sông Cửu Long rồi đi xuyên Việt từ Nam ra Bắc.', '<p>Trước khi đến Việt Nam, gia đình Jerome và Linda đã có một chuyến đi bằng các phương tiện qua nhiều nước. Chuyến hành trình dài này xuất phát từ việc cả gia đình muốn có thời gian bên nhau.</p>\r\n\r\n<p>Sống ở thành phố Grenolle, miền đông nam nước Pháp, Linda Bufficere vốn kinh doanh đồ thủ công mỹ nghệ với công việc luôn chiếm phần lớn thời gian nên cô ít có điều kiện chăm sóc các con. Sau khi con trai Martin được 5 tuổi và Simon lên 3 tuổi, Linda đã bàn với chồng - anh Jerome Bufficere về dự định đưa cả nhà đi du lịch để mọi người gần nhau hơn. Hai vợ chồng đã lựa chọn châu Á để trải nghiệm và gặp gỡ những người sản xuất đồ thủ công, hỗ trợ những người thợ tìm đầu ra cho sản phẩm.</p>\r\n\r\n<p>Hai vợ chồng ngừng công việc kinh doanh trong một năm và đưa các con lên đường từ tháng 7/2013. Với hành lý gọn nhẹ, họ chi tiêu trung bình khoảng 30 Euro mỗi ngày cho ăn ở, đi lại, kể cả chi phí visa cho cả gia đình. Để tiết kiệm, hai vợ chồng thường chọn cách đi nhờ xe hoặc đi tàu, đạp xe. Họ cũng xin ở nhà của các thành viên mạng lưới Couch Surfing (ở trọ miễn phí) tại nhiều nước.</p>\r\n\r\n<table align=\"center\" border=\"0\" cellpadding=\"3\" cellspacing=\"0\" style=\"width:480px\">\r\n	<tbody>\r\n		<tr>\r\n			<td><img alt=\"anh-2-5653-1399950919.jpg\" src=\"http://c0.f33.img.vnecdn.net/2014/05/13/anh-2-5653-1399950919.jpg\" style=\"border:0px; line-height:0; width:480px\" /></td>\r\n		</tr>\r\n		<tr>\r\n			<td>\r\n			<p>Gia đình Jerome trên xa lộ Pamir ở Trung Á. Ảnh: NVCC</p>\r\n			</td>\r\n		</tr>\r\n	</tbody>\r\n</table>\r\n\r\n<p>Từ Pháp, gia đình Linda đến Nga, Kazakhstan bằng tàu hỏa. Sau khi đến Kyrgystan, họ lại đi nhờ xe vào phía tây Trung Quốc. Sau đó, gia đình Linda đi tàu đến Tây Tạng, sang Nepal và cùng nhau đi xe khách vượt qua dãy núi Himalaya để đến Ấn Độ. Trải qua 3 tháng ở quốc gia Nam Á này, vợ chồng Linda lại đến Bangladesh, rồi đi máy bay đến Thái Lan. Từ đây, hai vợ chồng Linda mua hai xe đạp và đèo 2 đứa trẻ vòng quanh Thái Lan, Lào, Campuchia và sang Việt Nam với quãng đường khoảng 3.000 km.</p>\r\n\r\n<p>Linda cho biết, chuyến đi của gia đình cô có rất nhiều trải nghiệm khó quên. Tại biên giới Trung Quốc với Kazakhstan, lính biên phòng Trung Quốc đã không cho gia đình Linda đi nhờ xe tải mà yêu cầu họ đi taxi đến thành phố cách biên giới 200 km. Tuy nhiên, cặp vợ chồng không muốn mất tiền đi taxi nên đã cắm trại ở biên giới cả một ngày, sau đó những người lính biên phòng Trung Quốc lại chặn 2 xe tải trên đường để nhờ đưa gia đình Linda đi tiếp.</p>\r\n\r\n<p>Trên đường vào Tây Tạng, Linda cho hay, vợ chồng cô không biết quy định ở đây là khách du lịch phải đi theo nhóm ít nhất 4 người cùng quốc tịch, song khi đến đó, may mắn là cả gia đình họ vừa đủ 4 người nên được vào Tây Tạng. \"Trên những nẻo đường, chúng tôi gặp nhiều phong cảnh đẹp tuyệt như những hồ nước xanh ngắt với nhiều con thú lang thang ở Tây Tạng, con đường đi trong mây hay những làng quê xanh ngắt dọc bờ sông Mekong\", Linda chia sẻ.</p>\r\n\r\n<table align=\"center\" border=\"0\" cellpadding=\"3\" cellspacing=\"0\" style=\"width:480px\">\r\n	<tbody>\r\n		<tr>\r\n			<td><img alt=\"anh3-6630-1399950919.jpg\" src=\"http://c0.f33.img.vnecdn.net/2014/05/13/anh3-6630-1399950919.jpg\" style=\"border:0px; line-height:0; width:480px\" /></td>\r\n		</tr>\r\n		<tr>\r\n			<td>\r\n			<p>Hai vợ chồng đạp xe cùng hai con đi dọc sông Mê Kông. Ảnh: <em>NVCC</em></p>\r\n			</td>\r\n		</tr>\r\n	</tbody>\r\n</table>\r\n\r\n<p>Đến những đất nước châu Á, ngoài thưởng ngoạn cảnh đẹp, vợ chồng Linda còn tìm đến những gia đình người dân địa phương làm nghề thủ công, hỗ trợ người dân cải tiến mẫu mã sản phẩm và tìm kiếm những đối tác kinh doanh. Bởi họ cho rằng đồ thủ công truyền thống mang đậm bản sắc văn hóa địa phương nên cần lưu giữ và phát huy giá trị.</p>\r\n\r\n<p>Ở Bangladesh, hai vợ chồng chứng kiến một vụ tai nạn sập nhà máy may với nhiều phụ nữ bị chết và bị thương nên Linda cho rằng, những phụ nữ ở các quốc gia đang phát triển ở châu Á cần được hỗ trợ để họ có thể tự làm đồ thủ công ở gia đình, thay vì phải đến các nhà máy làm công nhân với giá thuê rẻ mạt.</p>\r\n\r\n<p>\"Đến đâu, chúng tôi cũng được chào đón nhiệt tình. Có lần cắm trại ở bên sông Mekong ở Campuchia, có hàng chục đứa trẻ trong làng chạy ra vui chơi với chúng tôi cả buổi tối\", Jerome nói. Gia đình Jerome còn gặp một người phụ nữ Thái Lan cho họ ở nhờ, và cùng đạp xe với hai vợ chồng đến nhiều thành phố trong 3 ngày và hỗ trợ họ suốt thời gian ở Thái Lan.</p>\r\n\r\n<table align=\"center\" border=\"0\" cellpadding=\"3\" cellspacing=\"0\" style=\"width:480px\">\r\n	<tbody>\r\n		<tr>\r\n			<td><img alt=\"Anh1-6740-1399950919.jpg\" src=\"http://c0.f33.img.vnecdn.net/2014/05/13/Anh1-6740-1399950919.jpg\" style=\"border:0px; line-height:0; width:480px\" /></td>\r\n		</tr>\r\n		<tr>\r\n			<td>\r\n			<p>Gia đình Jerome thưởng thức các món ăn Việt Nam. Ảnh: NVCC</p>\r\n			</td>\r\n		</tr>\r\n	</tbody>\r\n</table>\r\n\r\n<p>Linda và Jerome cho biết, hai đứa con nhỏ đều vui thích khi được trải nghiệm các món ăn, cảnh đẹp, con người trên những chặng đường. Về việc đưa 2 con trai nhỏ tuổi trên chặng đường dài, Linda cho biết, nếu để bọn trẻ ở nhà thì chúng sẽ được an toàn hơn, song khi đi trên đường bọn trẻ đã học được rất nhiều điều.</p>\r\n\r\n<p>\"Có thể khi về nhà bọn trẻ không nhớ những gì chúng đã trải qua, song chúng đã được vận động, hòa mình vào thiên nhiên, chịu đựng thời tiết khắc nghiệt. Đó là những gì chúng tôi mong muốn\", Jerome cho biết.</p>\r\n\r\n<p>Jerome kể lại, bọn trẻ của anh đã phải đối mặt những rủi ro như ngộ độc thực phẩm ở Trung Quốc, bị sốc độ cao ở Tây Tạng, bị sốt rét ở Ấn Độ, song hai vợ chồng đã bình tĩnh giúp các con vượt qua. \"Khi cho bọn trẻ đi du lịch, bạn sẽ phải chuẩn bị kỹ hơn, phải tiêm chủng cho trẻ đầy đủ và ăn uống sạch, quan trọng hơn là cha mẹ cần tự tin để giải quyết các vấn đề nảy sinh\", Linda nói.</p>\r\n\r\n<p>Ở Việt Nam trong thời gian một tháng vừa qua, gia đình cô đã thăm đồng bằng sông Cửu Long rồi đi xuyên Việt từ Nam ra Bắc. Sau khi rời Việt Nam, vợ chồng Linda sẽ lại đến Trung Quốc, sang Mông Cổ, rồi đi tàu trở lại châu Âu vào tháng 7 tới.</p>\r\n\r\n<p><strong>Đoàn Loan</strong></p>', 'vnexpress.net', 1400035348, 'Y', 11, 1);

-- --------------------------------------------------------

--
-- Table structure for table `setting`
--

CREATE TABLE `setting` (
  `settingid` int(10) UNSIGNED NOT NULL,
  `setting_name` varchar(150) NOT NULL,
  `setting_value` longtext NOT NULL
) ENGINE=InnoDB DEFAULT CHARSET=utf8;

--
-- Dumping data for table `setting`
--

INSERT INTO `setting` (`settingid`, `setting_name`, `setting_value`) VALUES
(1, 'SitePref', '{\"sitename\":\"weBox\",\"local_timezone\":\"Asia\\/Ho_Chi_Minh\"}'),
(2, 'NewsPref', '{\"accept_file_type\":\"bmp,jpg,png,gif\"}');

-- --------------------------------------------------------

--
-- Table structure for table `user`
--

CREATE TABLE `user` (
  `userid` int(10) UNSIGNED NOT NULL,
  `username` varchar(50) NOT NULL,
  `password` char(32) NOT NULL,
  `level` int(1) UNSIGNED NOT NULL COMMENT '1: Admin - 2: Member'
) ENGINE=InnoDB DEFAULT CHARSET=utf8;

--
-- Dumping data for table `user`
--

INSERT INTO `user` (`userid`, `username`, `password`, `level`) VALUES
(1, 'admin', '827ccb0eea8a706c4c34a16891f84e7b', 1),
(2, 'jackiedo', '827ccb0eea8a706c4c34a16891f84e7b', 2),
(3, 'kenny', '827ccb0eea8a706c4c34a16891f84e7b', 2),
(7, 'richard', '827ccb0eea8a706c4c34a16891f84e7b', 1),
(11, 'nguyen', '9a3bdc603c940a18467d167af15d4c8c', 1),
(14, 'hahaha', '5d93ceb70e2bf5daa84ec3d0cd2c731a', 2);

--
-- Indexes for dumped tables
--

--
-- Indexes for table `category`
--
ALTER TABLE `category`
  ADD PRIMARY KEY (`cateid`);

--
-- Indexes for table `comments`
--
ALTER TABLE `comments`
  ADD PRIMARY KEY (`commentid`);

--
-- Indexes for table `news`
--
ALTER TABLE `news`
  ADD PRIMARY KEY (`newsid`);

--
-- Indexes for table `setting`
--
ALTER TABLE `setting`
  ADD PRIMARY KEY (`settingid`);

--
-- Indexes for table `user`
--
ALTER TABLE `user`
  ADD PRIMARY KEY (`userid`);

--
-- AUTO_INCREMENT for dumped tables
--

--
-- AUTO_INCREMENT for table `category`
--
ALTER TABLE `category`
  MODIFY `cateid` int(10) UNSIGNED NOT NULL AUTO_INCREMENT, AUTO_INCREMENT=17;

--
-- AUTO_INCREMENT for table `comments`
--
ALTER TABLE `comments`
  MODIFY `commentid` int(10) UNSIGNED NOT NULL AUTO_INCREMENT, AUTO_INCREMENT=7;

--
-- AUTO_INCREMENT for table `news`
--
ALTER TABLE `news`
  MODIFY `newsid` int(10) UNSIGNED NOT NULL AUTO_INCREMENT, AUTO_INCREMENT=38;

--
-- AUTO_INCREMENT for table `setting`
--
ALTER TABLE `setting`
  MODIFY `settingid` int(10) UNSIGNED NOT NULL AUTO_INCREMENT, AUTO_INCREMENT=3;

--
-- AUTO_INCREMENT for table `user`
--
ALTER TABLE `user`
  MODIFY `userid` int(10) UNSIGNED NOT NULL AUTO_INCREMENT, AUTO_INCREMENT=15;
COMMIT;

/*!40101 SET CHARACTER_SET_CLIENT=@OLD_CHARACTER_SET_CLIENT */;
/*!40101 SET CHARACTER_SET_RESULTS=@OLD_CHARACTER_SET_RESULTS */;
/*!40101 SET COLLATION_CONNECTION=@OLD_COLLATION_CONNECTION */;
