-- phpMyAdmin SQL Dump
-- version 4.9.5
-- https://www.phpmyadmin.net/
--
-- Host: localhost
-- Generation Time: Jun 04, 2020 at 07:58 AM
-- Server version: 5.6.45
-- PHP Version: 7.2.30

SET SQL_MODE = "NO_AUTO_VALUE_ON_ZERO";
SET AUTOCOMMIT = 0;
START TRANSACTION;
SET time_zone = "+00:00";


/*!40101 SET @OLD_CHARACTER_SET_CLIENT=@@CHARACTER_SET_CLIENT */;
/*!40101 SET @OLD_CHARACTER_SET_RESULTS=@@CHARACTER_SET_RESULTS */;
/*!40101 SET @OLD_COLLATION_CONNECTION=@@COLLATION_CONNECTION */;
/*!40101 SET NAMES utf8mb4 */;

--
-- Database: `webdemo_db`
--

-- --------------------------------------------------------

--
-- Table structure for table `category`
--

CREATE TABLE `category` (
  `cateid` int(10) UNSIGNED NOT NULL,
  `cate_name` varchar(100) NOT NULL,
  `parent_id` int(10) DEFAULT NULL,
  `level` int(10) DEFAULT NULL,
  `cate_img` varchar(255) DEFAULT NULL
) ENGINE=InnoDB DEFAULT CHARSET=utf8;

--
-- Dumping data for table `category`
--

INSERT INTO `category` (`cateid`, `cate_name`, `parent_id`, `level`, `cate_img`) VALUES
(1, 'web Onepage', 0, 1, NULL),
(2, 'Web bán hàng', 0, 1, NULL),
(3, 'Web doanh nghiệp', 0, 1, NULL);

-- --------------------------------------------------------

--
-- Table structure for table `comments`
--

CREATE TABLE `comments` (
  `commentid` int(10) UNSIGNED NOT NULL,
  `comment_content` text NOT NULL,
  `newsid` int(10) UNSIGNED NOT NULL,
  `userid` int(10) UNSIGNED NOT NULL,
  `comment_date` int(50) DEFAULT NULL
) ENGINE=InnoDB DEFAULT CHARSET=utf8;

--
-- Dumping data for table `comments`
--

INSERT INTO `comments` (`commentid`, `comment_content`, `newsid`, `userid`, `comment_date`) VALUES
(4, 'Hello<br />\neverybody', 4, 1, 1586058656),
(7, 'hay', 2, 17, 1586058656);

-- --------------------------------------------------------

--
-- Table structure for table `contact`
--

CREATE TABLE `contact` (
  `contactid` int(10) NOT NULL,
  `contact_name` varchar(255) NOT NULL,
  `contact_tel` varchar(255) NOT NULL,
  `contact_email` varchar(255) NOT NULL,
  `contact_content` text NOT NULL,
  `contact_date` int(10) NOT NULL
) ENGINE=InnoDB DEFAULT CHARSET=utf8;

--
-- Dumping data for table `contact`
--

INSERT INTO `contact` (`contactid`, `contact_name`, `contact_tel`, `contact_email`, `contact_content`, `contact_date`) VALUES
(7, 'Vũ Hoàng Nguyên', '974487945', 'bedieu11h@yahoo.com', 'a', 1588169425),
(8, 'a', '974487945', 'abc@gmail.com', 'yêu cầu giao diện', 1588690454),
(9, 'b', '974487945', 'abc@gmail.com', 'a', 1588690485),
(10, 'a', '0', 'nguyen.vuhoang@gforces.co.uk', 'Yêu cầu giao diện', 1589116647),
(11, 'aa', '909', 'nguyen.vuhoang@gforces.co.auto', '', 1589117180),
(12, 'Hà', '918192395', 'nguyen.daiha@yahoo.com', 'Yêu cầu giao diện', 1589972195),
(13, 'Hà', '918192395', 'nguyen.daiha@yahoo.com', 'Yêu cầu giao diện', 1589972200),
(14, 'Hà', '918192395', 'nguyen.daiha@yahoo.com', 'Yêu cầu giao diện', 1589972202),
(15, 'Hà', '918192395', 'nguyen.daiha@yahoo.com', 'Yêu cầu giao diện', 1589972203),
(16, 'Hà', '918192395', 'nguyen.daiha@yahoo.com', 'Yêu cầu giao diện', 1589972203),
(17, 'Hà', '918192395', 'nguyen.daiha@yahoo.com', 'Yêu cầu giao diện', 1589972203),
(18, 'Hà', '918192395', 'nguyen.daiha@yahoo.com', 'Yêu cầu giao diện', 1589972204),
(19, 'Hà', '918192395', 'nguyen.daiha@yahoo.com', 'Yêu cầu giao diện', 1589972219),
(20, 'Ha', '964602940', 'nguyen.daiha@yahoo.com', 'Yêu cầu giao diện', 1589972258),
(21, 'db', '918192395', 'luxwinevn@gmail.com', 'Yêu cầu giao diện', 1589972311),
(22, 'Ha', '964602940', 'nguyen.daiha@yahoo.com', 'Yêu cầu giao diện', 1589972824),
(23, 'Vũ Hoàng Nguyên', '964602940', 'nguyen.daiha2@yahoo.com', 'Yêu cầu giao diện', 1589973025),
(24, 'db', '964602940', 'nguyen.daiha@yahoo.com', 'Yêu cầu giao diện', 1590313248),
(25, 'db', '918192395', 'luxwinevn@gmail.com', 'Yêu cầu giao diện', 1590313666),
(26, 'db', '918192395', 'nguyen.daiha@yahoo.com', 'Yêu cầu giao diện', 1590313689);

-- --------------------------------------------------------

--
-- Table structure for table `detail`
--

CREATE TABLE `detail` (
  `detailid` int(10) NOT NULL,
  `detail_name` varchar(255) NOT NULL,
  `detail_intro` varchar(255) NOT NULL,
  `SEO_keywords` varchar(255) NOT NULL,
  `SEO_description` varchar(255) NOT NULL,
  `detail_feature` varchar(255) NOT NULL,
  `detail_img` varchar(255) NOT NULL,
  `detail_content` longtext NOT NULL,
  `detail_date` int(50) NOT NULL,
  `status` char(1) NOT NULL,
  `userid` int(10) NOT NULL,
  `cateid` int(10) NOT NULL,
  `labelid` int(10) NOT NULL
) ENGINE=InnoDB DEFAULT CHARSET=utf8;

--
-- Dumping data for table `detail`
--

INSERT INTO `detail` (`detailid`, `detail_name`, `detail_intro`, `SEO_keywords`, `SEO_description`, `detail_feature`, `detail_img`, `detail_content`, `detail_date`, `status`, `userid`, `cateid`, `labelid`) VALUES
(19, 'Kapee', 'Ws-Kapee', 'Thiết Kế Website Thời Trang', 'Chuyên thiết kế Website Thời Trang trên Toàn Quốc.\r\nWebsite với nhiều chức năng bán hàng trong ngành thời trang, được nhiều cửa hàng tin dùng và chọn lựa để kinh doanh Online Thời Trang                                    ', '1587224197_kapee.presslayouts_avatar.jpg', '1587224197_kapee.presslayouts_resize.jpg', '<p>Kapee là được thiết kế với trên tiêu chí nhanh, sạch, tùy biến cao và phù hợp cho tất cả các loại cửa hàng như Thời trang, Điện tử, Nội thất, Phụ kiện,... Giao diện này đi kèm với rất nhiều tính năng và biến thể: Responsive Layout, Mega Menu, Page Builder, Slider, Product Quick View, Search,...</p>', 1587224197, 'Y', 11, 2, 6),
(21, 'Boyka', 'Boyka - Mẫu thương mại điện tử thời trang đơn giản và đáp ứng cho cửa hàng thời trang trực tuyến, chủ yếu tập trung vào giày dép và hàng da', 'Boyka - Mẫu thương mại điện tử thời trang đơn giản và đáp ứng cho cửa hàng thời trang trực tuyến, chủ yếu tập trung vào giày dép và hàng da', 'Boyka - Mẫu thương mại điện tử thời trang đơn giản và đáp ứng cho cửa hàng thời trang trực tuyến, chủ yếu tập trung vào giày dép và hàng da. Boyka được thiết kế thanh lịch, đảm bảo một không gian trực tuyến tuyệt vời để hiển thị các sản phẩm của bạn.     ', '1587544434_3-avatar.jpg', '1587544434_3.jpg', '<p>Boyka - Mẫu thương mại điện tử thời trang đơn giản và đáp ứng cho cửa hàng thời trang trực tuyến, chủ yếu tập trung vào giày dép và hàng da. Boyka được thiết kế thanh lịch, đảm bảo một không gian trực tuyến tuyệt vời để hiển thị các sản phẩm của bạn. Nếu bạn muốn tạo bất kỳ cửa hàng thương mại điện tử, trang web kinh doanh, blog hoặc danh mục đầu tư cá nhân, Boyka luôn là lựa chọn phù hợp cho cửa hàng trực tuyến của bạn.</p>', 1587544434, 'Y', 2, 2, 6),
(22, 'Boyka #2', ' Boyka được thiết kế thanh lịch, đảm bảo một không gian trực tuyến tuyệt vời để hiển thị các sản phẩm của bạn', ' Boyka được thiết kế thanh lịch, đảm bảo một không gian trực tuyến tuyệt vời để hiển thị các sản phẩm của bạn', 'Nếu bạn muốn tạo bất kỳ cửa hàng thương mại điện tử, trang web kinh doanh, blog hoặc danh mục đầu tư cá nhân, Boyka luôn là lựa chọn phù hợp cho cửa hàng trực tuyến của bạn.', '1587546238_4-avatar.jpg', '1587546238_4.jpg', '<p><span style=\"font-family:montserrat; font-size:14px\">Boyka - Mẫu thương mại điện tử thời trang đơn giản và đáp ứng cho cửa hàng thời trang trực tuyến, chủ yếu tập trung vào giày dép và hàng da. Boyka được thiết kế thanh lịch, đảm bảo một không gian trực tuyến tuyệt vời để hiển thị các sản phẩm của bạn. Nếu bạn muốn tạo bất kỳ cửa hàng thương mại điện tử, trang web kinh doanh, blog hoặc danh mục đầu tư cá nhân, Boyka luôn là lựa chọn phù hợp cho cửa hàng trực tuyến của bạn.</span></p>', 1587546238, 'Y', 2, 2, 6),
(23, 'Boyka #3', 'Mẫu thương mại điện tử thời trang đơn giản và đáp ứng cho cửa hàng thời trang trực tuyến, chủ yếu tập trung vào giày dép và hàng da', 'Web bán hàng thời trang đơn giản và đáp ứng cho cửa hàng thời trang trực tuyến', 'Boyka được thiết kế thanh lịch, đảm bảo một không gian trực tuyến tuyệt vời để hiển thị các sản phẩm của bạn. Nếu bạn muốn tạo bất kỳ cửa hàng thương mại điện tử, trang web kinh doanh, blog hoặc danh mục đầu tư cá nhân', '1587546689_5-vatar.jpg', '1587546689_5.jpg', '<p><span style=\"font-family:montserrat; font-size:14px\">Boyka - Mẫu thương mại điện tử thời trang đơn giản và đáp ứng cho cửa hàng thời trang trực tuyến, chủ yếu tập trung vào giày dép và hàng da. Boyka được thiết kế thanh lịch, đảm bảo một không gian trực tuyến tuyệt vời để hiển thị các sản phẩm của bạn. Nếu bạn muốn tạo bất kỳ cửa hàng thương mại điện tử, trang web kinh doanh, blog hoặc danh mục đầu tư cá nhân, Boyka luôn là lựa chọn phù hợp cho cửa hàng trực tuyến của bạn.</span></p>', 1587546689, 'Y', 2, 2, 6),
(24, 'Boyka #4', 'Mẫu thương mại điện tử thời trang đơn giản và đáp ứng cho cửa hàng thời trang trực tuyến, chủ yếu tập trung vào giày dép và hàng da', 'Web bán hàng thời trang Boyka', 'Boyka được thiết kế thanh lịch, đảm bảo một không gian trực tuyến tuyệt vời để hiển thị các sản phẩm của bạn. Nếu bạn muốn tạo bất kỳ cửa hàng thương mại điện tử, trang web kinh doanh, blog hoặc danh mục đầu tư cá nhân, Boyka luôn là lựa chọn phù hợp cho ', '1587546801_6-avatar.jpg', '1587546801_6.jpg', '<p><span style=\"font-family:montserrat; font-size:14px\">Boyka - Mẫu thương mại điện tử thời trang đơn giản và đáp ứng cho cửa hàng thời trang trực tuyến, chủ yếu tập trung vào giày dép và hàng da. Boyka được thiết kế thanh lịch, đảm bảo một không gian trực tuyến tuyệt vời để hiển thị các sản phẩm của bạn. Nếu bạn muốn tạo bất kỳ cửa hàng thương mại điện tử, trang web kinh doanh, blog hoặc danh mục đầu tư cá nhân, Boyka luôn là lựa chọn phù hợp cho cửa hàng trực tuyến của bạn.</span></p>', 1587546801, 'Y', 2, 2, 6),
(25, 'Boyka #5', 'Mẫu thương mại điện tử thời trang đơn giản và đáp ứng cho cửa hàng thời trang trực tuyến, chủ yếu tập trung vào giày dép và hàng da', 'Web bán hàng thời trang giầy dép Boyka', 'Boyka được thiết kế thanh lịch, đảm bảo một không gian trực tuyến tuyệt vời để hiển thị các sản phẩm của bạn. Nếu bạn muốn tạo bất kỳ cửa hàng thương mại điện tử, trang web kinh doanh, blog hoặc danh mục đầu tư cá nhân, Boyka luôn là lựa chọn phù hợp cho ', '1587546954_7-avtar.jpg', '1587546954_7.jpg', '<p><span style=\"font-family:montserrat; font-size:14px\">Boyka - Mẫu thương mại điện tử thời trang đơn giản và đáp ứng cho cửa hàng thời trang trực tuyến, chủ yếu tập trung vào giày dép và hàng da. Boyka được thiết kế thanh lịch, đảm bảo một không gian trực tuyến tuyệt vời để hiển thị các sản phẩm của bạn. Nếu bạn muốn tạo bất kỳ cửa hàng thương mại điện tử, trang web kinh doanh, blog hoặc danh mục đầu tư cá nhân, Boyka luôn là lựa chọn phù hợp cho cửa hàng trực tuyến của bạn.</span></p>', 1587546954, 'Y', 2, 2, 7),
(26, 'Boyka #6', 'Dorno - Web bán hàng Thương mại điện tử Thời trang chủ yếu tập trung vào giày dép và đồ da. Trang web này hoàn toàn đáp ứng cho tất cả các loại thiết bị. Ngoài ra, trang web đẹp và độc đáo này chắc chắn sẽ thu hút khách truy cập.', 'Web bán hàng thời trang DorNo', 'Dorno - Web bán hàng Thương mại điện tử Thời trang chủ yếu tập trung vào giày dép và đồ da. Trang web này hoàn toàn đáp ứng cho tất cả các loại thiết bị. Ngoài ra, trang web đẹp và độc đáo này chắc chắn sẽ thu hút khách truy cập.', '1587547908_8-avatar.jpg', '1587547908_8.jpg', '<p>Dorno - Web bán hàng Thương mại điện tử Thời trang chủ yếu tập trung vào giày dép và đồ da. Trang web này hoàn toàn đáp ứng cho tất cả các loại thiết bị. Ngoài ra, trang web đẹp và độc đáo này chắc chắn sẽ thu hút khách truy cập.</p>', 1587547908, 'Y', 2, 2, 6),
(27, 'DORNO #2', 'Dorno - Web bán hàng Thương mại điện tử Thời trang chủ yếu tập trung vào giày dép và đồ da. Trang web này hoàn toàn đáp ứng cho tất cả các loại thiết bị. Ngoài ra, trang web đẹp và độc đáo này chắc chắn sẽ thu hút khách truy cập.', 'Web Bán Hàng Thời Trang DorNo', 'Dorno - Web bán hàng Thương mại điện tử Thời trang chủ yếu tập trung vào giày dép và đồ da. Trang web này hoàn toàn đáp ứng cho tất cả các loại thiết bị. Ngoài ra, trang web đẹp và độc đáo này chắc chắn sẽ thu hút khách truy cập.', '1587548218_9-avatar.jpg', '1587548218_9.jpg', '<p><span style=\"font-family:montserrat; font-size:14px\">Dorno - Web bán hàng Thương mại điện tử Thời trang chủ yếu tập trung vào giày dép và đồ da. Trang web này hoàn toàn đáp ứng cho tất cả các loại thiết bị. Ngoài ra, trang web đẹp và độc đáo này chắc chắn sẽ thu hút khách truy cập.</span></p>', 1587548218, 'Y', 2, 2, 8),
(28, 'DORNO #3', 'Dorno - Web bán hàng Thương mại điện tử Thời trang chủ yếu tập trung vào giày dép và đồ da. Trang web này hoàn toàn đáp ứng cho tất cả các loại thiết bị. Ngoài ra, trang web đẹp và độc đáo này chắc chắn sẽ thu hút khách truy cập.', 'Web Bán Hàng Trang Sức DorNo', 'Web bán hàng Thương mại điện tử Thời trang chủ yếu tập trung vào giày dép và đồ da. Trang web này hoàn toàn đáp ứng cho tất cả các loại thiết bị. Ngoài ra, trang web đẹp và độc đáo này chắc chắn sẽ thu hút khách truy cập.', '1587626232_10-avatar.jpg', '1587626232_10.jpg', '<p><span style=\"font-family:montserrat; font-size:14px\">Dorno - Web bán hàng Thương mại điện tử Thời trang chủ yếu tập trung vào giày dép và đồ da. Trang web này hoàn toàn đáp ứng cho tất cả các loại thiết bị. Ngoài ra, trang web đẹp và độc đáo này chắc chắn sẽ thu hút khách truy cập.</span></p>', 1587626232, 'Y', 2, 2, 9),
(29, 'DORNO #4', 'Dorno - Web bán hàng Thương mại điện tử Thời trang chủ yếu tập trung vào giày dép và đồ da. Trang web này hoàn toàn đáp ứng cho tất cả các loại thiết bị. Ngoài ra, trang web đẹp và độc đáo này chắc chắn sẽ thu hút khách truy cập.', 'Web Bán Hàng Thời Trang DORNO #4', 'Dorno - Web bán hàng Thương mại điện tử Thời trang chủ yếu tập trung vào giày dép và đồ da. Trang web này hoàn toàn đáp ứng cho tất cả các loại thiết bị. Ngoài ra, trang web đẹp và độc đáo này chắc chắn sẽ thu hút khách truy cập.', '1587626293_11-avatar.jpg', '1587626293_11.jpg', '<p><span style=\"font-family:montserrat; font-size:14px\">Dorno - Web bán hàng Thương mại điện tử Thời trang chủ yếu tập trung vào giày dép và đồ da. Trang web này hoàn toàn đáp ứng cho tất cả các loại thiết bị. Ngoài ra, trang web đẹp và độc đáo này chắc chắn sẽ thu hút khách truy cập.</span></p>', 1587626293, 'Y', 2, 2, 6),
(31, 'ELIZA #1', 'Eliza - Mẫu website thời trang nhanh và thân thiện với người dùng cho cửa hàng điện tử của bạn. Đáp ứng và hoạt động hoàn hảo trên tất cả các thiết bị. Thiết kế sáng tạo dễ sử dụng cho những người dùng không rành về công nghệ.', 'Web Bán Hàng Túi Xách Eliza', 'Eliza - Mẫu website thời trang nhanh và thân thiện với người dùng cho cửa hàng điện tử của bạn. Đáp ứng và hoạt động hoàn hảo trên tất cả các thiết bị. Thiết kế sáng tạo dễ sử dụng cho những người dùng không rành về công nghệ.', '1587627104_12-avtar.jpg', '1587627104_12.jpg', '<p>Eliza - Mẫu website thời trang nhanh và thân thiện với người dùng cho cửa hàng điện tử của bạn. Đáp ứng và hoạt động hoàn hảo trên tất cả các thiết bị. Thiết kế sáng tạo dễ sử dụng cho những người dùng không rành về công nghệ.</p>', 1587627104, 'Y', 2, 2, 10),
(32, 'OLSON #1', 'Olson - Mẫu Web thời trang tuyệt vời để xây dựng trang web thương mại điện tử của bất kỳ loại hình kinh doanh nào. Bạn có thể bán Sản phẩm thời trang, Thời trang nam, Thời trang nữ, Sản phẩm trẻ em, Sản phẩm may sẵn, Giày, Kính râm, Đồng hồ, Mỹ phẩm, Điện', 'Web Bán Hàng Thời Trang OLSON #1', 'Olson - Mẫu Web thời trang tuyệt vời để xây dựng trang web thương mại điện tử của bất kỳ loại hình kinh doanh nào. Bạn có thể bán Sản phẩm thời trang, Thời trang nam, Thời trang nữ, Sản phẩm trẻ em, Sản phẩm may sẵn, Giày, Kính râm, Đồng hồ, Mỹ phẩm, Điện', '1587627959_13-avatar.jpg', '1587627959_13.jpg', '<p>Olson - Mẫu Web thời trang tuyệt vời để xây dựng trang web thương mại điện tử của bất kỳ loại hình kinh doanh nào. Bạn có thể bán Sản phẩm thời trang, Thời trang nam, Thời trang nữ, Sản phẩm trẻ em, Sản phẩm may sẵn, Giày, Kính râm, Đồng hồ, Mỹ phẩm, Điện tử, Tiện ích, Nội thất và tất cả các sản phẩm của nhà cung cấp khác sử dụng mẫu Olson HTML.</p>\r\n\r\n<p>Ngoài ra, Olson là một mẫu đáp ứng 100%. phù hợp với tất cả các loại thiết bị. Tất cả các khía cạnh cần thiết để đối phó với ngành Thương mại điện tử đều có sẵn trong mẫu này. Thiết kế và trang phục của mẫu này là hoàn toàn độc đáo và sáng tạo. Sử dụng mẫu được tối ưu hóa SEO này để thu hút khách truy cập tiềm năng và cung cấp cho họ những sản phẩm chất lượng. Nó sẽ làm và không thể ngăn cản được ’bạn.</p>', 1587627959, 'Y', 2, 2, 6),
(33, 'OLSON #2', 'Olson - Mẫu Web thời trang tuyệt vời để xây dựng trang web thương mại điện tử của bất kỳ loại hình kinh doanh nào. Bạn có thể bán Sản phẩm thời trang, Thời trang nam, Thời trang nữ, Sản phẩm trẻ em, Sản phẩm may sẵn, Giày, Kính râm, Đồng hồ, Mỹ phẩm, Điện', 'Web Bán Hàng Thời Trang OLSON #1', 'Olson - Mẫu Web thời trang tuyệt vời để xây dựng trang web thương mại điện tử của bất kỳ loại hình kinh doanh nào. Bạn có thể bán Sản phẩm thời trang, Thời trang nam, Thời trang nữ, Sản phẩm trẻ em, Sản phẩm may sẵn, Giày, Kính râm, Đồng hồ, Mỹ phẩm, Điện', '1587628057_14-avatar.jpg', '1587628057_14.jpg', '<p><span style=\"font-family:montserrat; font-size:14px\">Olson - Mẫu Web thời trang tuyệt vời để xây dựng trang web thương mại điện tử của bất kỳ loại hình kinh doanh nào. Bạn có thể bán Sản phẩm thời trang, Thời trang nam, Thời trang nữ, Sản phẩm trẻ em, Sản phẩm may sẵn, Giày, Kính râm, Đồng hồ, Mỹ phẩm, Điện tử, Tiện ích, Nội thất, ...</span></p>', 1587628057, 'Y', 2, 2, 6),
(34, 'REID #1', 'Reid - Mẫu Web thương mại điện tử thời trang sáng tạo đáng kinh ngạc để làm cho các trang web bán sản phẩm thời trang trực tuyến. Reid là một mẫu trang web sáng tạo mà bạn có thể sử dụng để bán thời trang trẻ em, Thời trang nam, Thời trang nữ, May sẵn, Gi', 'Web Bán Hàng Thời Trang REID #1', 'Reid - Mẫu Web thương mại điện tử thời trang sáng tạo đáng kinh ngạc để làm cho các trang web bán sản phẩm thời trang trực tuyến. Reid là một mẫu trang web sáng tạo mà bạn có thể sử dụng để bán thời trang trẻ em, Thời trang nam, Thời trang nữ, May sẵn, Gi', '1587628456_15-avatar.jpg', '1587628456_15.jpg', '<p>Reid - Mẫu Web thương mại điện tử thời trang sáng tạo đáng kinh ngạc để làm cho các trang web bán sản phẩm thời trang trực tuyến. Reid là một mẫu trang web sáng tạo mà bạn có thể sử dụng để bán thời trang trẻ em, Thời trang nam, Thời trang nữ, May sẵn, Giày, Kính râm, Thời trang mùa đông, Phụ kiện du lịch, Máy ảnh, Sản phẩm điện, Đồng hồ đeo tay và hầu hết tất cả các sản phẩm bán lẻ khác.</p>', 1587628456, 'Y', 2, 2, 6),
(35, 'REID #2', 'Reid - Mẫu Web thương mại điện tử thời trang sáng tạo đáng kinh ngạc để làm cho các trang web bán sản phẩm thời trang trực tuyến. Reid là một mẫu trang web sáng tạo mà bạn có thể sử dụng để bán thời trang trẻ em, Thời trang nam, Thời trang nữ, May sẵn, Gi', 'Web Bán Hàng Thời Trang REID #2', 'Reid - Mẫu Web thương mại điện tử thời trang sáng tạo đáng kinh ngạc để làm cho các trang web bán sản phẩm thời trang trực tuyến. Reid là một mẫu trang web sáng tạo mà bạn có thể sử dụng để bán thời trang trẻ em, Thời trang nam, Thời trang nữ, May sẵn, Gi', '1587629845_16-avatar.jpg', '1587629845_16.jpg', '<p><span style=\"font-family:montserrat; font-size:14px\">Reid - Mẫu Web thương mại điện tử thời trang sáng tạo đáng kinh ngạc để làm cho các trang web bán sản phẩm thời trang trực tuyến. Reid là một mẫu trang web sáng tạo mà bạn có thể sử dụng để bán thời trang trẻ em, Thời trang nam, Thời trang nữ, May sẵn, Giày, Kính râm, Thời trang mùa đông, Phụ kiện du lịch, Máy ảnh, Sản phẩm điện, Đồng hồ đeo tay và hầu hết tất cả các sản phẩm bán lẻ khác.</span></p>', 1587629845, 'Y', 2, 2, 7),
(36, 'REID #3', 'Reid - Mẫu Web thương mại điện tử thời trang sáng tạo đáng kinh ngạc để làm cho các trang web bán sản phẩm thời trang trực tuyến. Reid là một mẫu trang web sáng tạo mà bạn có thể sử dụng để bán thời trang trẻ em, Thời trang nam, Thời trang nữ, May sẵn, Gi', 'Web Bán Hàng Thời Trang REID #3', 'Reid - Mẫu Web thương mại điện tử thời trang sáng tạo đáng kinh ngạc để làm cho các trang web bán sản phẩm thời trang trực tuyến. Reid là một mẫu trang web sáng tạo mà bạn có thể sử dụng để bán thời trang trẻ em, Thời trang nam, Thời trang nữ, May sẵn, Gi', '1587632216_17-avatar.jpg', '1587632216_17.jpg', '<p><span style=\"font-family:montserrat; font-size:14px\">Reid - Mẫu Web thương mại điện tử thời trang sáng tạo đáng kinh ngạc để làm cho các trang web bán sản phẩm thời trang trực tuyến. Reid là một mẫu trang web sáng tạo mà bạn có thể sử dụng để bán thời trang trẻ em, Thời trang nam, Thời trang nữ, May sẵn, Giày, Kính râm, Thời trang mùa đông, Phụ kiện du lịch, Máy ảnh, Sản phẩm điện, Đồng hồ đeo tay và hầu hết tất cả các sản phẩm bán lẻ khác.</span></p>', 1587632216, 'Y', 2, 2, 6),
(37, 'REID #4', 'Reid - Mẫu Web thương mại điện tử thời trang sáng tạo đáng kinh ngạc để làm cho các trang web bán sản phẩm thời trang trực tuyến. Reid là một mẫu trang web sáng tạo mà bạn có thể sử dụng để bán thời trang trẻ em, Thời trang nam, Thời trang nữ, May sẵn, Gi', 'Web Bán Hàng Thời Trang REID #4', 'Reid - Mẫu Web thương mại điện tử thời trang sáng tạo đáng kinh ngạc để làm cho các trang web bán sản phẩm thời trang trực tuyến. Reid là một mẫu trang web sáng tạo mà bạn có thể sử dụng để bán thời trang trẻ em, Thời trang nam, Thời trang nữ, May sẵn, Gi', '1587632259_18-avatar.jpg', '1587632259_18.jpg', '<p><span style=\"font-family:montserrat; font-size:14px\">Reid - Mẫu Web thương mại điện tử thời trang sáng tạo đáng kinh ngạc để làm cho các trang web bán sản phẩm thời trang trực tuyến. Reid là một mẫu trang web sáng tạo mà bạn có thể sử dụng để bán thời trang trẻ em, Thời trang nam, Thời trang nữ, May sẵn, Giày, Kính râm, Thời trang mùa đông, Phụ kiện du lịch, Máy ảnh, Sản phẩm điện, Đồng hồ đeo tay và hầu hết tất cả các sản phẩm bán lẻ khác.</span></p>', 1587632259, 'Y', 2, 2, 6),
(38, 'EMPIRE', 'Empire - Mẫu web thương mại điện tử tối giản là một thiết kế thanh lịch và sạch sẽ - thích hợp để bán quần áo, thời trang, thời trang cao cấp, thời trang nam, thời trang nữ, phụ kiện, kỹ thuật số, trẻ em, đồng hồ, trang sức, giày dép, trẻ em, đồ nội thất,', 'Web Bán Hàng Thời Trang EMPIRE', 'Empire - Mẫu web thương mại điện tử tối giản là một thiết kế thanh lịch và sạch sẽ - thích hợp để bán quần áo, thời trang, thời trang cao cấp, thời trang nam, thời trang nữ, phụ kiện, kỹ thuật số, trẻ em, đồng hồ, trang sức, giày dép, trẻ em, đồ nội thất,', '1587632365_19-avatar.jpg', '1587632365_19.jpg', '<p>Empire - Mẫu web thương mại điện tử tối giản là một thiết kế thanh lịch và sạch sẽ - thích hợp để bán quần áo, thời trang, thời trang cao cấp, thời trang nam, thời trang nữ, phụ kiện, kỹ thuật số, trẻ em, đồng hồ, trang sức, giày dép, trẻ em, đồ nội thất, thể thao, vv .. Nó có chiều rộng đáp ứng đầy đủ tự động điều chỉnh theo bất kỳ kích thước hoặc độ phân giải màn hình nào.</p>', 1587632365, 'Y', 2, 2, 6),
(39, 'EMPIRE #2', 'Empire - Mẫu web thương mại điện tử tối giản là một thiết kế thanh lịch và sạch sẽ - thích hợp để bán quần áo, thời trang, thời trang cao cấp, thời trang nam, thời trang nữ, phụ kiện, kỹ thuật số, trẻ em, đồng hồ, trang sức, giày dép, trẻ em, đồ nội thất,', 'Web Bán Hàng Thời Trang EMPIRE #2', 'Empire - Mẫu web thương mại điện tử tối giản là một thiết kế thanh lịch và sạch sẽ - thích hợp để bán quần áo, thời trang, thời trang cao cấp, thời trang nam, thời trang nữ, phụ kiện, kỹ thuật số, trẻ em, đồng hồ, trang sức, giày dép, trẻ em, đồ nội thất,', '1587632415_20-avatar.jpg', '1587632415_20.jpg', '<p><span style=\"font-family:montserrat; font-size:14px\">Empire - Mẫu web thương mại điện tử tối giản là một thiết kế thanh lịch và sạch sẽ - thích hợp để bán quần áo, thời trang, thời trang cao cấp, thời trang nam, thời trang nữ, phụ kiện, kỹ thuật số, trẻ em, đồng hồ, trang sức, giày dép, trẻ em, đồ nội thất, thể thao, vv .. Nó có chiều rộng đáp ứng đầy đủ tự động điều chỉnh theo bất kỳ kích thước hoặc độ phân giải màn hình nào.</span></p>', 1587632415, 'Y', 2, 2, 6),
(40, 'BOUTIQUE #1', 'Mẫu giao diện web bán hàng thời trang sáng tạo thân thiện người dùng và tương thích với tất cả các thiết bị di động và máy tính. Bạn có thể sử dụng với nhiều lĩnh vực Thời Trang khác nhau : Quần Áo Nam, Quần Áo Nữ, Trang Sức, Giầy Dép, Túi Xách ,.... ', 'Web Bán Hàng Thời Trang BOUTIQUE #1', 'Mẫu giao diện web bán hàng thời trang sáng tạo thân thiện người dùng và tương thích với tất cả các thiết bị di động và máy tính. Bạn có thể sử dụng với nhiều lĩnh vực Thời Trang khác nhau : Quần Áo Nam, Quần Áo Nữ, Trang Sức, Giầy Dép, Túi Xách ,.... ', '1587632644_21-avatar.jpg', '1587632644_21.jpg', '<p>Mẫu giao diện web bán hàng thời trang sáng tạo thân thiện người dùng và tương thích với tất cả các thiết bị di động và máy tính. Bạn có thể sử dụng với nhiều lĩnh vực Thời Trang khác nhau : Quần Áo Nam, Quần Áo Nữ, Trang Sức, Giầy Dép, Túi Xách ,.... </p>', 1587632644, 'Y', 2, 2, 6),
(41, 'BOUTIQUE #2', 'Mẫu giao diện web bán hàng thời trang sáng tạo thân thiện người dùng và tương thích với tất cả các thiết bị di động và máy tính. Bạn có thể sử dụng với nhiều lĩnh vực Thời Trang khác nhau : Quần Áo Nam, Quần Áo Nữ, Trang Sức, Giầy Dép, Túi Xách ,.... ', 'Web Bán Hàng Thời Trang BOUTIQUE #2', 'Mẫu giao diện web bán hàng thời trang sáng tạo thân thiện người dùng và tương thích với tất cả các thiết bị di động và máy tính. Bạn có thể sử dụng với nhiều lĩnh vực Thời Trang khác nhau : Quần Áo Nam, Quần Áo Nữ, Trang Sức, Giầy Dép, Túi Xách ,.... ', '1587639627_22-avatar.jpg', '1587639627_22.jpg', '<p><span style=\"font-family:montserrat; font-size:14px\">Mẫu giao diện web bán hàng thời trang sáng tạo thân thiện người dùng và tương thích với tất cả các thiết bị di động và máy tính. Bạn có thể sử dụng với nhiều lĩnh vực Thời Trang khác nhau : Quần Áo Nam, Quần Áo Nữ, Trang Sức, Giầy Dép, Túi Xách ,.... </span></p>', 1587639627, 'Y', 2, 2, 6),
(42, 'BOUTIQUE #3', 'Mẫu giao diện web bán hàng thời trang sáng tạo thân thiện người dùng và tương thích với tất cả các thiết bị di động và máy tính. Bạn có thể sử dụng với nhiều lĩnh vực Thời Trang khác nhau : Quần Áo Nam, Quần Áo Nữ, Trang Sức, Giầy Dép, Túi Xách ,.... ', 'Web Bán Hàng Thời Trang BOUTIQUE #3', 'Mẫu giao diện web bán hàng thời trang sáng tạo thân thiện người dùng và tương thích với tất cả các thiết bị di động và máy tính. Bạn có thể sử dụng với nhiều lĩnh vực Thời Trang khác nhau : Quần Áo Nam, Quần Áo Nữ, Trang Sức, Giầy Dép, Túi Xách ,.... ', '1587639650_23-avatar.jpg', '1587639650_23.jpg', '<p><span style=\"font-family:montserrat; font-size:14px\">Mẫu giao diện web bán hàng thời trang sáng tạo thân thiện người dùng và tương thích với tất cả các thiết bị di động và máy tính. Bạn có thể sử dụng với nhiều lĩnh vực Thời Trang khác nhau : Quần Áo Nam, Quần Áo Nữ, Trang Sức, Giầy Dép, Túi Xách ,.... </span></p>', 1587639650, 'Y', 2, 2, 6),
(43, 'BOUTIQUE #4', 'Mẫu giao diện web bán hàng thời trang sáng tạo thân thiện người dùng và tương thích với tất cả các thiết bị di động và máy tính. Bạn có thể sử dụng với nhiều lĩnh vực Thời Trang khác nhau : Quần Áo Nam, Quần Áo Nữ, Trang Sức, Giầy Dép, Túi Xách ,.... ', 'Web Bán Hàng Thời Trang BOUTIQUE #4', 'Mẫu giao diện web bán hàng thời trang sáng tạo thân thiện người dùng và tương thích với tất cả các thiết bị di động và máy tính. Bạn có thể sử dụng với nhiều lĩnh vực Thời Trang khác nhau : Quần Áo Nam, Quần Áo Nữ, Trang Sức, Giầy Dép, Túi Xách ,.... ', '1587639673_24-avatar.jpg', '1587639673_24.jpg', '<p><span style=\"font-family:montserrat; font-size:14px\">Mẫu giao diện web bán hàng thời trang sáng tạo thân thiện người dùng và tương thích với tất cả các thiết bị di động và máy tính. Bạn có thể sử dụng với nhiều lĩnh vực Thời Trang khác nhau : Quần Áo Nam, Quần Áo Nữ, Trang Sức, Giầy Dép, Túi Xách ,.... </span></p>', 1587639673, 'Y', 2, 2, 6),
(44, 'BOUTIQUE #5', 'Mẫu giao diện web bán hàng thời trang sáng tạo thân thiện người dùng và tương thích với tất cả các thiết bị di động và máy tính. Bạn có thể sử dụng với nhiều lĩnh vực Thời Trang khác nhau : Quần Áo Nam, Quần Áo Nữ, Trang Sức, Giầy Dép, Túi Xách ,.... ', 'Web Bán Hàng Thời Trang BOUTIQUE #5', 'Mẫu giao diện web bán hàng thời trang sáng tạo thân thiện người dùng và tương thích với tất cả các thiết bị di động và máy tính. Bạn có thể sử dụng với nhiều lĩnh vực Thời Trang khác nhau : Quần Áo Nam, Quần Áo Nữ, Trang Sức, Giầy Dép, Túi Xách ,.... ', '1587639703_25-avatar.jpg', '1587639703_25.jpg', '<p><span style=\"font-family:montserrat; font-size:14px\">Mẫu giao diện web bán hàng thời trang sáng tạo thân thiện người dùng và tương thích với tất cả các thiết bị di động và máy tính. Bạn có thể sử dụng với nhiều lĩnh vực Thời Trang khác nhau : Quần Áo Nam, Quần Áo Nữ, Trang Sức, Giầy Dép, Túi Xách ,.... </span></p>', 1587639703, 'Y', 2, 2, 6),
(45, 'BOUTIQUE #6', 'Mẫu giao diện web bán hàng thời trang sáng tạo thân thiện người dùng và tương thích với tất cả các thiết bị di động và máy tính. Bạn có thể sử dụng với nhiều lĩnh vực Thời Trang khác nhau : Quần Áo Nam, Quần Áo Nữ, Trang Sức, Giầy Dép, Túi Xách ,.... ', 'Web Bán Hàng Thời Trang BOUTIQUE #6', 'Mẫu giao diện web bán hàng thời trang sáng tạo thân thiện người dùng và tương thích với tất cả các thiết bị di động và máy tính. Bạn có thể sử dụng với nhiều lĩnh vực Thời Trang khác nhau : Quần Áo Nam, Quần Áo Nữ, Trang Sức, Giầy Dép, Túi Xách ,.... ', '1587639741_26-avatar.jpg', '1587639741_26.jpg', '<p><span style=\"font-family:montserrat; font-size:14px\">Mẫu giao diện web bán hàng thời trang sáng tạo thân thiện người dùng và tương thích với tất cả các thiết bị di động và máy tính. Bạn có thể sử dụng với nhiều lĩnh vực Thời Trang khác nhau : Quần Áo Nam, Quần Áo Nữ, Trang Sức, Giầy Dép, Túi Xách ,.... </span></p>', 1587639741, 'Y', 2, 2, 6),
(46, 'BOUTIQUE #7', 'Mẫu giao diện web bán hàng thời trang sáng tạo thân thiện người dùng và tương thích với tất cả các thiết bị di động và máy tính. Bạn có thể sử dụng với nhiều lĩnh vực Thời Trang khác nhau : Quần Áo Nam, Quần Áo Nữ, Trang Sức, Giầy Dép, Túi Xách ,.... ', 'Web Bán Hàng Thời Trang BOUTIQUE #7', 'Mẫu giao diện web bán hàng thời trang sáng tạo thân thiện người dùng và tương thích với tất cả các thiết bị di động và máy tính. Bạn có thể sử dụng với nhiều lĩnh vực Thời Trang khác nhau : Quần Áo Nam, Quần Áo Nữ, Trang Sức, Giầy Dép, Túi Xách ,.... ', '1587639795_27-avatar.jpg', '1587639795_27.jpg', '<p><span style=\"font-family:montserrat; font-size:14px\">Mẫu giao diện web bán hàng thời trang sáng tạo thân thiện người dùng và tương thích với tất cả các thiết bị di động và máy tính. Bạn có thể sử dụng với nhiều lĩnh vực Thời Trang khác nhau : Quần Áo Nam, Quần Áo Nữ, Trang Sức, Giầy Dép, Túi Xách ,.... </span></p>', 1587639795, 'Y', 2, 2, 6),
(47, 'BOUTIQUE #8', 'Mẫu giao diện web bán hàng thời trang sáng tạo thân thiện người dùng và tương thích với tất cả các thiết bị di động và máy tính. Bạn có thể sử dụng với nhiều lĩnh vực Thời Trang khác nhau : Quần Áo Nam, Quần Áo Nữ, Trang Sức, Giầy Dép, Túi Xách ,.... ', 'Web Bán Hàng Thời Trang BOUTIQUE #8', 'Mẫu giao diện web bán hàng thời trang sáng tạo thân thiện người dùng và tương thích với tất cả các thiết bị di động và máy tính. Bạn có thể sử dụng với nhiều lĩnh vực Thời Trang khác nhau : Quần Áo Nam, Quần Áo Nữ, Trang Sức, Giầy Dép, Túi Xách ,.... ', '1587639827_28-avatar.jpg', '1587639827_28.jpg', '<p><span style=\"font-family:montserrat; font-size:14px\">Mẫu giao diện web bán hàng thời trang sáng tạo thân thiện người dùng và tương thích với tất cả các thiết bị di động và máy tính. Bạn có thể sử dụng với nhiều lĩnh vực Thời Trang khác nhau : Quần Áo Nam, Quần Áo Nữ, Trang Sức, Giầy Dép, Túi Xách ,.... </span></p>', 1587639827, 'Y', 2, 2, 6),
(48, 'BOUTIQUE #9', 'Mẫu giao diện web bán hàng thời trang sáng tạo thân thiện người dùng và tương thích với tất cả các thiết bị di động và máy tính. Bạn có thể sử dụng với nhiều lĩnh vực Thời Trang khác nhau : Quần Áo Nam, Quần Áo Nữ, Trang Sức, Giầy Dép, Túi Xách ,.... ', 'Web Bán Hàng Thời Trang BOUTIQUE #9', 'Mẫu giao diện web bán hàng thời trang sáng tạo thân thiện người dùng và tương thích với tất cả các thiết bị di động và máy tính. Bạn có thể sử dụng với nhiều lĩnh vực Thời Trang khác nhau : Quần Áo Nam, Quần Áo Nữ, Trang Sức, Giầy Dép, Túi Xách ,.... ', '1587639863_29-avatar.jpg', '1587639863_29.jpg', '<p><span style=\"font-family:montserrat; font-size:14px\">Mẫu giao diện web bán hàng thời trang sáng tạo thân thiện người dùng và tương thích với tất cả các thiết bị di động và máy tính. Bạn có thể sử dụng với nhiều lĩnh vực Thời Trang khác nhau : Quần Áo Nam, Quần Áo Nữ, Trang Sức, Giầy Dép, Túi Xách ,.... </span></p>', 1587639863, 'Y', 2, 2, 6),
(49, 'BOUTIQUE #10', 'Mẫu giao diện web bán hàng thời trang sáng tạo thân thiện người dùng và tương thích với tất cả các thiết bị di động và máy tính. Bạn có thể sử dụng với nhiều lĩnh vực Thời Trang khác nhau : Quần Áo Nam, Quần Áo Nữ, Trang Sức, Giầy Dép, Túi Xách,...', 'Web Bán Hàng Thời Trang BOUTIQUE #10', 'Mẫu giao diện web bán hàng thời trang sáng tạo thân thiện người dùng và tương thích với tất cả các thiết bị di động và máy tính. Bạn có thể sử dụng với nhiều lĩnh vực Thời Trang khác nhau : Quần Áo Nam, Quần Áo Nữ, Trang Sức, Giầy Dép, Túi Xách,...', '1587640032_30-avatar.jpg', '1587640032_30.jpg', '<p>Mẫu giao diện web bán hàng thời trang sáng tạo thân thiện người dùng và tương thích với tất cả các thiết bị di động và máy tính. Bạn có thể sử dụng với nhiều lĩnh vực Thời Trang khác nhau : Quần Áo Nam, Quần Áo Nữ, Trang Sức, Giầy Dép, Túi Xách,...</p>', 1587640032, 'Y', 2, 2, 6),
(50, 'BOUTIQUE #11', 'Mẫu giao diện web bán hàng thời trang sáng tạo thân thiện người dùng và tương thích với tất cả các thiết bị di động và máy tính. Bạn có thể sử dụng với nhiều lĩnh vực Thời Trang khác nhau : Quần Áo Nam, Quần Áo Nữ, Trang Sức, Giầy Dép, Túi Xách,...', 'Web Bán Hàng Thời Trang BOUTIQUE #11', 'Mẫu giao diện web bán hàng thời trang sáng tạo thân thiện người dùng và tương thích với tất cả các thiết bị di động và máy tính. Bạn có thể sử dụng với nhiều lĩnh vực Thời Trang khác nhau : Quần Áo Nam, Quần Áo Nữ, Trang Sức, Giầy Dép, Túi Xách,...', '1587640063_31-avatar.jpg', '1587640063_31.jpg', '<p>Mẫu giao diện web bán hàng thời trang sáng tạo thân thiện người dùng và tương thích với tất cả các thiết bị di động và máy tính. Bạn có thể sử dụng với nhiều lĩnh vực Thời Trang khác nhau : Quần Áo Nam, Quần Áo Nữ, Trang Sức, Giầy Dép, Túi Xách,...</p>', 1587640063, 'Y', 2, 2, 6),
(51, 'FLATIZE #1', 'Flatize - Mẫu web thương mại điện tử thời trang đáp ứng dành riêng cho một trang web mua sắm. Chúng tôi đã tình cờ thấy nhiều trang web thương mại điện tử với những hình ảnh khó hiểu và không đủ khả năng sử dụng của khách hàng. Trong khi trang web của bạn', 'Web Bán Hàng Thời Trang FLATIZE #1', 'Flatize - Mẫu web thương mại điện tử thời trang đáp ứng dành riêng cho một trang web mua sắm. Chúng tôi đã tình cờ thấy nhiều trang web thương mại điện tử với những hình ảnh khó hiểu và không đủ khả năng sử dụng của khách hàng. Trong khi trang web của bạn', '1587640180_32-avatar.jpg', '1587640180_32.jpg', '<p>Flatize - Mẫu web thương mại điện tử thời trang đáp ứng dành riêng cho một trang web mua sắm. Chúng tôi đã tình cờ thấy nhiều trang web thương mại điện tử với những hình ảnh khó hiểu và không đủ khả năng sử dụng của khách hàng. Trong khi trang web của bạn là bộ mặt của doanh nghiệp của bạn, nó không chỉ phải thuận tiện mà còn phải nhìn tốt.</p>', 1587640180, 'Y', 2, 2, 6),
(52, 'PEBONA #1', 'Pebona - Mẫu web thương mại điện tử Thời trang chủ yếu tập trung vào giày dép và đồ da. Trang web này hoàn toàn đáp ứng cho tất cả các loại thiết bị với giao diện thoáng, thân thiện gần gũi với người.', 'Web Bán Hàng Thời Trang PEBONA #1', 'Pebona - Mẫu web thương mại điện tử Thời trang chủ yếu tập trung vào giày dép và đồ da. Trang web này hoàn toàn đáp ứng cho tất cả các loại thiết bị với giao diện thoáng, thân thiện gần gũi với người.', '1587640372_33-avatar.jpg', '1587640372_33.jpg', '<p>Pebona - Mẫu web thương mại điện tử Thời trang chủ yếu tập trung vào giày dép và đồ da. Trang web này hoàn toàn đáp ứng cho tất cả các loại thiết bị với giao diện thoáng, thân thiện gần gũi với người.</p>', 1587640372, 'Y', 2, 2, 7),
(53, 'PEBONA #2', 'Pebona - Mẫu web thương mại điện tử Thời trang chủ yếu tập trung vào giày dép và đồ da. Trang web này hoàn toàn đáp ứng cho tất cả các loại thiết bị với giao diện thoáng, thân thiện gần gũi với người.', 'Web Bán Hàng Thời Trang PEBONA #2', 'Pebona - Mẫu web thương mại điện tử Thời trang chủ yếu tập trung vào giày dép và đồ da. Trang web này hoàn toàn đáp ứng cho tất cả các loại thiết bị với giao diện thoáng, thân thiện gần gũi với người.', '1587640396_34-avatar.jpg', '1587640396_34.jpg', '<p>Pebona - Mẫu web thương mại điện tử Thời trang chủ yếu tập trung vào giày dép và đồ da. Trang web này hoàn toàn đáp ứng cho tất cả các loại thiết bị với giao diện thoáng, thân thiện gần gũi với người.</p>', 1587640396, 'Y', 2, 2, 7),
(54, 'PEBONA #3', 'Pebona - Mẫu web thương mại điện tử Thời trang chủ yếu tập trung vào giày dép và đồ da. Trang web này hoàn toàn đáp ứng cho tất cả các loại thiết bị với giao diện thoáng, thân thiện gần gũi với người.', 'Web Bán Hàng Thời Trang PEBONA #3', 'Pebona - Mẫu web thương mại điện tử Thời trang chủ yếu tập trung vào giày dép và đồ da. Trang web này hoàn toàn đáp ứng cho tất cả các loại thiết bị với giao diện thoáng, thân thiện gần gũi với người.', '1587640428_35-avatar.jpg', '1587640428_35.jpg', '<p>Pebona - Mẫu web thương mại điện tử Thời trang chủ yếu tập trung vào giày dép và đồ da. Trang web này hoàn toàn đáp ứng cho tất cả các loại thiết bị với giao diện thoáng, thân thiện gần gũi với người.</p>', 1587640428, 'Y', 2, 2, 7),
(55, 'PEBONA #4', 'Pebona - Mẫu web thương mại điện tử Thời trang chủ yếu tập trung vào giày dép và đồ da. Trang web này hoàn toàn đáp ứng cho tất cả các loại thiết bị với giao diện thoáng, thân thiện gần gũi với người.', 'Web Bán Hàng Thời Trang PEBONA #4', 'Pebona - Mẫu web thương mại điện tử Thời trang chủ yếu tập trung vào giày dép và đồ da. Trang web này hoàn toàn đáp ứng cho tất cả các loại thiết bị với giao diện thoáng, thân thiện gần gũi với người.', '1587640467_36-avatar.jpg', '1587640467_36.jpg', '<p>Pebona - Mẫu web thương mại điện tử Thời trang chủ yếu tập trung vào giày dép và đồ da. Trang web này hoàn toàn đáp ứng cho tất cả các loại thiết bị với giao diện thoáng, thân thiện gần gũi với người.</p>', 1587640467, 'Y', 2, 2, 6),
(56, 'PEBONA #5', 'Pebona - Mẫu web thương mại điện tử Thời trang chủ yếu tập trung vào giày dép và đồ da. Trang web này hoàn toàn đáp ứng cho tất cả các loại thiết bị với giao diện thoáng, thân thiện gần gũi với người.', 'Web Bán Hàng Thời Trang PEBONA #5', 'Pebona - Mẫu web thương mại điện tử Thời trang chủ yếu tập trung vào giày dép và đồ da. Trang web này hoàn toàn đáp ứng cho tất cả các loại thiết bị với giao diện thoáng, thân thiện gần gũi với người.', '1587640503_37-avatar.jpg', '1587640503_37.jpg', '<p>Pebona - Mẫu web thương mại điện tử Thời trang chủ yếu tập trung vào giày dép và đồ da. Trang web này hoàn toàn đáp ứng cho tất cả các loại thiết bị với giao diện thoáng, thân thiện gần gũi với người.</p>', 1587640503, 'Y', 2, 2, 7),
(57, 'BOUTIQUE #12', 'Mẫu giao diện web bán hàng thời trang sáng tạo thân thiện người dùng và tương thích với tất cả các thiết bị di động và máy tính. Bạn có thể sử dụng với nhiều lĩnh vực Thời Trang khác nhau : Quần Áo Nam, Quần Áo Nữ, Trang Sức, Giầy Dép, Túi Xách ,.... ', 'Mẫu giao diện web bán hàng thời trang sáng tạo thân thiện người dùng và tương thích với tất cả các thiết bị di động và máy tính. Bạn có thể sử dụng với nhiều lĩnh vực Thời Trang khác nhau : Quần Áo Nam, Quần Áo Nữ, Trang Sức, Giầy Dép, Túi Xách ,.... ', 'Mẫu giao diện web bán hàng thời trang sáng tạo thân thiện người dùng và tương thích với tất cả các thiết bị di động và máy tính. Bạn có thể sử dụng với nhiều lĩnh vực Thời Trang khác nhau : Quần Áo Nam, Quần Áo Nữ, Trang Sức, Giầy Dép, Túi Xách ,.... ', '1587640535_38-avatar.jpg', '1587640535_38.jpg', '<p><span style=\"font-family:montserrat; font-size:14px\">Mẫu giao diện web bán hàng thời trang sáng tạo thân thiện người dùng và tương thích với tất cả các thiết bị di động và máy tính. Bạn có thể sử dụng với nhiều lĩnh vực Thời Trang khác nhau : Quần Áo Nam, Quần Áo Nữ, Trang Sức, Giầy Dép, Túi Xách ,.... </span></p>', 1587640535, 'Y', 2, 2, 6),
(58, 'Boyka #6', 'Boyka - Mẫu thương mại điện tử thời trang đơn giản và đáp ứng cho cửa hàng thời trang trực tuyến, chủ yếu tập trung vào giày dép và hàng da. Boyka được thiết kế thanh lịch, đảm bảo một không gian trực tuyến tuyệt vời để hiển thị các sản phẩm của bạn. Nếu ', 'Web bán hàng thời trang Boyka', 'Boyka - Mẫu thương mại điện tử thời trang đơn giản và đáp ứng cho cửa hàng thời trang trực tuyến, chủ yếu tập trung vào giày dép và hàng da. Boyka được thiết kế thanh lịch, đảm bảo một không gian trực tuyến tuyệt vời để hiển thị các sản phẩm của bạn. Nếu ', '1587640648_39-avatar.jpg', '1587640648_39.jpg', '<p><span style=\"font-family:montserrat; font-size:14px\">Boyka - Mẫu thương mại điện tử thời trang đơn giản và đáp ứng cho cửa hàng thời trang trực tuyến, chủ yếu tập trung vào giày dép và hàng da. Boyka được thiết kế thanh lịch, đảm bảo một không gian trực tuyến tuyệt vời để hiển thị các sản phẩm của bạn. Nếu bạn muốn tạo bất kỳ cửa hàng thương mại điện tử, trang web kinh doanh, blog hoặc danh mục đầu tư cá nhân, Boyka luôn là lựa chọn phù hợp cho cửa hàng trực tuyến của bạn.</span></p>', 1587640648, 'Y', 2, 2, 6),
(59, 'Ecolife', 'Ecolife la một thương hiệu chuyên về sản phẩm làm đẹp cho phái nữ. bao gồm các loại mỹ phẩm cao cấp được chiết xuất từ những nguyên liệu thiên nhiên tươi mát, cao cấp\r\nMỹ phẩm là một trong những công cụ hỗ trợ làm đẹp mà tất cả mọi người đều yêu thích, ng', 'Website bán mỹ phẩm', 'Ecolife la một thương hiệu chuyên về sản phẩm làm đẹp cho phái nữ. bao gồm các loại mỹ phẩm cao cấp được chiết xuất từ những nguyên liệu thiên nhiên tươi mát, cao cấp\r\nMỹ phẩm là một trong những công cụ hỗ trợ làm đẹp mà tất cả mọi người đều yêu thích, ng', '1587715412_1-avatar.jpg', '1587715412_1.jpg', '<p>Ecolife la một thương hiệu chuyên về sản phẩm làm đẹp cho phái nữ. bao gồm các loại mỹ phẩm cao cấp được chiết xuất từ những nguyên liệu thiên nhiên tươi mát, cao cấp<br />\r\nMỹ phẩm là một trong những công cụ hỗ trợ làm đẹp mà tất cả mọi người đều yêu thích, ngày nay với sự tiến bộ của ngành thẩm mỹ đã cho ra đời rất nhiều dòng sản phẩm khác nhau. Không thể phủ nhận công dụng và hiệu quả tuyệt vời mà mỹ phẩm mang lại trong quá trình làm đẹp, phòng ngừa và đặc trị cho tất cả chúng ta.<br />\r\nDùng mỹ phẩm làm đẹp tại nhà là nhu cầu cần thiết cho mỗi người, ai cũng muốn mình trẻ đẹp mãi mãi. Mỹ phẩm cần cho quá trình nuôi dưỡng, ngăn ngừa các tổn thương da từ bên ngoài và phục hồi lại làn da đã bị thương.</p>', 1587715412, 'Y', 2, 2, 11),
(60, 'Safira', 'Safira là một chủ đề Opencart hiện đại, phong cách và đáp ứng đầy đủ, sẽ trở thành giải pháp tốt nhất cho các cửa hàng thực phẩm trực tuyến của bạn như: sản phẩm hữu cơ, trái cây, rau quả, siêu thị, tạp hóa, hoa, sản phẩm cho sức khỏe, phụ kiện hoặc nhà h', '                                                                                                                                                                                    Website bán thực phẩm rau củ quả sạch.                                     ', 'Safira là một chủ đề Opencart hiện đại, phong cách và đáp ứng đầy đủ, sẽ trở thành giải pháp tốt nhất cho các cửa hàng thực phẩm trực tuyến của bạn như: sản phẩm hữu cơ, trái cây, rau quả, siêu thị, tạp hóa, hoa, sản phẩm cho sức khỏe, phụ kiện hoặc nhà h', '1587715690_2-avatar.jpg', '1587736380_2-avatar.jpg', 'Safira là một chủ đề Opencart hiện đại, phong cách và đáp ứng đầy đủ, sẽ trở thành giải pháp tốt nhất cho các cửa hàng thực phẩm trực tuyến của bạn như: sản phẩm hữu cơ, trái cây, rau quả, siêu thị, tạp hóa, hoa, sản phẩm cho sức khỏe, phụ kiện hoặc nhà hàng', 1587715690, 'Y', 2, 2, 12),
(61, 'Safira #2', 'Safira là một chủ đề Opencart hiện đại, phong cách và đáp ứng đầy đủ, sẽ trở thành giải pháp tốt nhất cho các cửa hàng thực phẩm trực tuyến của bạn như: sản phẩm hữu cơ, trái cây, rau quả, siêu thị, tạp hóa, hoa, sản phẩm cho sức khỏe, phụ kiện hoặc nhà h', '                                                                                                            Website bán thực phẩm rau củ quả sạch.                                                                                                            ', 'Safira là một chủ đề Opencart hiện đại, phong cách và đáp ứng đầy đủ, sẽ trở thành giải pháp tốt nhất cho các cửa hàng thực phẩm trực tuyến của bạn như: sản phẩm hữu cơ, trái cây, rau quả, siêu thị, tạp hóa, hoa, sản phẩm cho sức khỏe, phụ kiện hoặc nhà h', '1587715960_3-avatar.jpg', '1587736413_3-avatar.jpg', '<p>Safira là một chủ đề Opencart hiện đại, phong cách và đáp ứng đầy đủ, sẽ trở thành giải pháp tốt nhất cho các cửa hàng thực phẩm trực tuyến của bạn như: sản phẩm hữu cơ, trái cây, rau quả, siêu thị, tạp hóa, hoa, sản phẩm cho sức khỏe, phụ kiện hoặc nhà hàng</p>', 1587715960, 'Y', 2, 2, 13),
(62, 'Safira #3', 'Safira là một chủ đề Opencart hiện đại, phong cách và đáp ứng đầy đủ, sẽ trở thành giải pháp tốt nhất cho các cửa hàng thực phẩm trực tuyến của bạn như: sản phẩm hữu cơ, trái cây, rau quả, siêu thị, tạp hóa, hoa, sản phẩm cho sức khỏe, phụ kiện hoặc nhà h', '                                                                        Website bán thực phẩm rau củ quả sạch.                                                                        ', '                                                                        Safira là một chủ đề Opencart hiện đại, phong cách và đáp ứng đầy đủ, sẽ trở thành giải pháp tốt nhất cho các cửa hàng thực phẩm trực tuyến của bạn như: sản phẩm hữu cơ, trái cây, rau', '1587716038_4-avatar.jpg', '1587736939_4-avatar.jpg', '<p>Safira là một chủ đề Opencart hiện đại, phong cách và đáp ứng đầy đủ, sẽ trở thành giải pháp tốt nhất cho các cửa hàng thực phẩm trực tuyến của bạn như: sản phẩm hữu cơ, trái cây, rau quả, siêu thị, tạp hóa, hoa, sản phẩm cho sức khỏe, phụ kiện hoặc nhà hàng</p>', 1587716038, 'Y', 2, 2, 13),
(63, 'Safira #4', 'Safira là một chủ đề Opencart hiện đại, phong cách và đáp ứng đầy đủ, sẽ trở thành giải pháp tốt nhất cho các cửa hàng thực phẩm trực tuyến của bạn như: sản phẩm hữu cơ, trái cây, rau quả, siêu thị, tạp hóa, hoa, sản phẩm cho sức khỏe, phụ kiện hoặc nhà h', '                                    Website bán thực phẩm rau củ quả sạch.                                    ', '                                    Safira là một chủ đề Opencart hiện đại, phong cách và đáp ứng đầy đủ, sẽ trở thành giải pháp tốt nhất cho các cửa hàng thực phẩm trực tuyến của bạn như: sản phẩm hữu cơ, trái cây, rau quả, siêu thị, tạp hóa, hoa, sản ph', '1587716161_5-avatar.jpg', '1587736960_5-avatar.jpg', '<p>Safira là một chủ đề Opencart hiện đại, phong cách và đáp ứng đầy đủ, sẽ trở thành giải pháp tốt nhất cho các cửa hàng thực phẩm trực tuyến của bạn như: sản phẩm hữu cơ, trái cây, rau quả, siêu thị, tạp hóa, hoa, sản phẩm cho sức khỏe, phụ kiện hoặc nhà hàng</p>', 1587716161, 'Y', 2, 2, 13),
(64, 'Ranna', 'Ranna - Thực phẩm & Công thức Blog WordPress Theme\r\nRanna là một chủ đề WordPress hiện đại và sạch đẹp cho blog thực phẩm và công thức nấu ăn. Chúng tôi đã bao gồm các tính năng và các yếu tố hàng đầu để cung cấp cho bạn trang web hoàn hảo để thể hiện niề', 'Website thực phẩm và chia sẻ công thức ', 'Ranna - Thực phẩm & Công thức Blog WordPress Theme\r\nRanna là một chủ đề WordPress hiện đại và sạch đẹp cho blog thực phẩm và công thức nấu ăn. Chúng tôi đã bao gồm các tính năng và các yếu tố hàng đầu để cung cấp cho bạn trang web hoàn hảo để thể hiện niề', '1587716487_6-avatar.jpg', '1587716487_6.jpg', '<h2>Ranna - Thực phẩm & Công thức Blog WordPress Theme</h2>\r\n\r\n<p>Ranna là một chủ đề WordPress hiện đại và sạch đẹp cho blog thực phẩm và công thức nấu ăn. Chúng tôi đã bao gồm các tính năng và các yếu tố hàng đầu để cung cấp cho bạn trang web hoàn hảo để thể hiện niềm đam mê của bạn đối với các món ăn ngon.</p>', 1587716487, 'Y', 2, 3, 2),
(65, 'Ranna #2', 'Ranna - Thực phẩm & Công thức Blog WordPress Theme\r\nRanna là một chủ đề WordPress hiện đại và sạch đẹp cho blog thực phẩm và công thức nấu ăn. Chúng tôi đã bao gồm các tính năng và các yếu tố hàng đầu để cung cấp cho bạn trang web hoàn hảo để thể hiện niề', 'Website thực phẩm và chia sẻ công thức ', 'Ranna - Thực phẩm & Công thức Blog WordPress Theme\r\nRanna là một chủ đề WordPress hiện đại và sạch đẹp cho blog thực phẩm và công thức nấu ăn. Chúng tôi đã bao gồm các tính năng và các yếu tố hàng đầu để cung cấp cho bạn trang web hoàn hảo để thể hiện niề', '1587716602_7-avatar.jpg', '1587716602_7.jpg', '<h2>Ranna - Thực phẩm & Công thức Blog WordPress Theme</h2>\r\n\r\n<p>Ranna là một chủ đề WordPress hiện đại và sạch đẹp cho blog thực phẩm và công thức nấu ăn. Chúng tôi đã bao gồm các tính năng và các yếu tố hàng đầu để cung cấp cho bạn trang web hoàn hảo để thể hiện niềm đam mê của bạn đối với các món ăn ngon.</p>', 1587716602, 'Y', 2, 3, 2),
(66, 'Cookiteer', 'Cookiteer - Chủ đề Thực phẩm & Công thức WordPress\r\nCookiteer - Chủ đề Thực phẩm & Công thức WordPress. Cookiteer là một Theme WordPress sạch sẽ, cao cấp và hiện đại, có thể được sử dụng để tạo bất kỳ trang web nào cho nhiều tình huống. Một số mẫu mà Cook', 'Website Chủ đề Thực phẩm & Công thức WordPress', 'Cookiteer - Chủ đề Thực phẩm & Công thức WordPress\r\nCookiteer - Chủ đề Thực phẩm & Công thức WordPress. Cookiteer là một Theme WordPress sạch sẽ, cao cấp và hiện đại, có thể được sử dụng để tạo bất kỳ trang web nào cho nhiều tình huống. Một số mẫu mà Cook', '1587716811_8-avatar.jpg', '1587716811_8.jpg', '<h2>Cookiteer - Chủ đề Thực phẩm & Công thức WordPress</h2>\r\n\r\n<p>Cookiteer - Chủ đề Thực phẩm & Công thức WordPress. Cookiteer là một Theme WordPress sạch sẽ, cao cấp và hiện đại, có thể được sử dụng để tạo bất kỳ trang web nào cho nhiều tình huống. Một số mẫu mà Cookiteer có thể được sử dụng là: Blog thực phẩm, trang web nhà hàng, hướng dẫn công thức và nhiều hơn nữa Cookiteer đi kèm với tất cả các chức năng cần thiết để tạo trang web tuyệt đẹp của bạn. Chủ đề này đáp ứng trên bất kỳ kích thước màn hình nào, theo cách này bạn có thể bớt lo lắng về giao diện và tập trung vào những gì quan trọng. Sử dụng Cookiteer, và tạo ra một cái gì đó tuyệt vời!</p>', 1587716811, 'Y', 2, 3, 2),
(67, 'Cookiteer #2', 'Cookiteer - Chủ đề Thực phẩm & Công thức WordPress. Cookiteer là một Theme WordPress sạch sẽ, cao cấp và hiện đại, có thể được sử dụng để tạo bất kỳ trang web nào cho nhiều tình huống. Một số mẫu mà Cookiteer có thể được sử dụng là: Blog thực phẩm, trang ', 'Chủ đề Thực phẩm & Công thức WordPress', 'Cookiteer - Chủ đề Thực phẩm & Công thức WordPress. Cookiteer là một Theme WordPress sạch sẽ, cao cấp và hiện đại, có thể được sử dụng để tạo bất kỳ trang web nào cho nhiều tình huống. Một số mẫu mà Cookiteer có thể được sử dụng là: Blog thực phẩm, trang ', '1587716925_9-avatar.jpg', '1587716925_9.jpg', '<p>Cookiteer - Chủ đề Thực phẩm & Công thức WordPress. Cookiteer là một Theme WordPress sạch sẽ, cao cấp và hiện đại, có thể được sử dụng để tạo bất kỳ trang web nào cho nhiều tình huống. Một số mẫu mà Cookiteer có thể được sử dụng là: <span style=\"color:rgb(84, 84, 84); font-family:helvetica neue,helvetica,arial,sans-serif; font-size:16px\">Blog thực phẩm, trang web nhà hàng, hướng dẫn công thức và nhiều hơn nữa</span> Cookiteer đi kèm với tất cả các chức năng cần thiết để tạo trang web tuyệt đẹp của bạn. Chủ đề này đáp ứng trên bất kỳ kích thước màn hình nào, theo cách này bạn có thể bớt lo lắng về giao diện và tập trung vào những gì quan trọng. Sử dụng Cookiteer, và tạo ra một cái gì đó tuyệt vời!</p>', 1587716925, 'Y', 2, 3, 2),
(68, 'Cookiteer #3', 'Cookiteer - Chủ đề Thực phẩm & Công thức WordPress. Cookiteer là một Theme WordPress sạch sẽ, cao cấp và hiện đại, có thể được sử dụng để tạo bất kỳ trang web nào cho nhiều tình huống. Một số mẫu mà Cookiteer có thể được sử dụng là: Blog thực phẩm, trang ', 'Cookiteer - Chủ đề Thực phẩm & Công thức WordPress', 'Cookiteer - Chủ đề Thực phẩm & Công thức WordPress. Cookiteer là một Theme WordPress sạch sẽ, cao cấp và hiện đại, có thể được sử dụng để tạo bất kỳ trang web nào cho nhiều tình huống. Một số mẫu mà Cookiteer có thể được sử dụng là: Blog thực phẩm, trang ', '1587717000_10-avatar.jpg', '1587717000_10.jpg', '<p>Cookiteer - Chủ đề Thực phẩm & Công thức WordPress. Cookiteer là một Theme WordPress sạch sẽ, cao cấp và hiện đại, có thể được sử dụng để tạo bất kỳ trang web nào cho nhiều tình huống. Một số mẫu mà Cookiteer có thể được sử dụng là: <span style=\"color:rgb(84, 84, 84); font-family:helvetica neue,helvetica,arial,sans-serif; font-size:16px\">Blog thực phẩm, trang web nhà hàng, hướng dẫn công thức và nhiều hơn nữa</span> Cookiteer đi kèm với tất cả các chức năng cần thiết để tạo trang web tuyệt đẹp của bạn. Chủ đề này đáp ứng trên bất kỳ kích thước màn hình nào, theo cách này bạn có thể bớt lo lắng về giao diện và tập trung vào những gì quan trọng. Sử dụng Cookiteer, và tạo ra một cái gì đó tuyệt vời!</p>', 1587717000, 'Y', 2, 3, 2),
(69, 'Cookiteer #4', 'Cookiteer - Chủ đề Thực phẩm & Công thức WordPress. Cookiteer là một Theme WordPress sạch sẽ, cao cấp và hiện đại, có thể được sử dụng để tạo bất kỳ trang web nào cho nhiều tình huống. Một số mẫu mà Cookiteer có thể được sử dụng là: Blog thực phẩm, trang ', 'Cookiteer - Chủ đề Thực phẩm & Công thức WordPress', 'Cookiteer - Chủ đề Thực phẩm & Công thức WordPress. Cookiteer là một Theme WordPress sạch sẽ, cao cấp và hiện đại, có thể được sử dụng để tạo bất kỳ trang web nào cho nhiều tình huống. Một số mẫu mà Cookiteer có thể được sử dụng là: Blog thực phẩm, trang ', '1587717080_11-avatar.jpg', '1587717080_11.jpg', '<p>Cookiteer - Chủ đề Thực phẩm & Công thức WordPress. Cookiteer là một Theme WordPress sạch sẽ, cao cấp và hiện đại, có thể được sử dụng để tạo bất kỳ trang web nào cho nhiều tình huống. Một số mẫu mà Cookiteer có thể được sử dụng là: <span style=\"color:rgb(84, 84, 84); font-family:helvetica neue,helvetica,arial,sans-serif; font-size:16px\">Blog thực phẩm, trang web nhà hàng, hướng dẫn công thức và nhiều hơn nữa</span> Cookiteer đi kèm với tất cả các chức năng cần thiết để tạo trang web tuyệt đẹp của bạn. Chủ đề này đáp ứng trên bất kỳ kích thước màn hình nào, theo cách này bạn có thể bớt lo lắng về giao diện và tập trung vào những gì quan trọng. Sử dụng Cookiteer, và tạo ra một cái gì đó tuyệt vời!</p>', 1587717080, 'Y', 2, 3, 2);
INSERT INTO `detail` (`detailid`, `detail_name`, `detail_intro`, `SEO_keywords`, `SEO_description`, `detail_feature`, `detail_img`, `detail_content`, `detail_date`, `status`, `userid`, `cateid`, `labelid`) VALUES
(70, 'Cookiteer #5', 'Cookiteer - Chủ đề Thực phẩm & Công thức WordPress. Cookiteer là một Theme WordPress sạch sẽ, cao cấp và hiện đại, có thể được sử dụng để tạo bất kỳ trang web nào cho nhiều tình huống. Một số mẫu mà Cookiteer có thể được sử dụng là: Blog thực phẩm, trang ', 'Cookiteer - Chủ đề Thực phẩm & Công thức WordPress', 'Cookiteer - Chủ đề Thực phẩm & Công thức WordPress. Cookiteer là một Theme WordPress sạch sẽ, cao cấp và hiện đại, có thể được sử dụng để tạo bất kỳ trang web nào cho nhiều tình huống. Một số mẫu mà Cookiteer có thể được sử dụng là: Blog thực phẩm, trang ', '1587717133_12-avatar.jpg', '1587717133_12.jpg', '<p>Cookiteer - Chủ đề Thực phẩm & Công thức WordPress. Cookiteer là một Theme WordPress sạch sẽ, cao cấp và hiện đại, có thể được sử dụng để tạo bất kỳ trang web nào cho nhiều tình huống. Một số mẫu mà Cookiteer có thể được sử dụng là: <span style=\"color:rgb(84, 84, 84); font-family:helvetica neue,helvetica,arial,sans-serif; font-size:16px\">Blog thực phẩm, trang web nhà hàng, hướng dẫn công thức và nhiều hơn nữa</span> Cookiteer đi kèm với tất cả các chức năng cần thiết để tạo trang web tuyệt đẹp của bạn. Chủ đề này đáp ứng trên bất kỳ kích thước màn hình nào, theo cách này bạn có thể bớt lo lắng về giao diện và tập trung vào những gì quan trọng. Sử dụng Cookiteer, và tạo ra một cái gì đó tuyệt vời!</p>', 1587717133, 'Y', 2, 3, 2),
(71, 'Mildhill', 'Mildhill là một lựa chọn lý tưởng cho tất cả các loại trang web cửa hàng thực phẩm và thực phẩm hữu cơ với phong cách thiết kế hiện đại, tươi mới và bộ sưu tập bố cục chắc chắn sẽ đáp ứng mọi nhu cầu của bạn, ngay cả khi bạn có một doanh nghiệp nông nghiệ', 'Website bán thực phẩm rau củ quả sạch.', 'Mildhill là một lựa chọn lý tưởng cho tất cả các loại trang web cửa hàng thực phẩm và thực phẩm hữu cơ với phong cách thiết kế hiện đại, tươi mới và bộ sưu tập bố cục chắc chắn sẽ đáp ứng mọi nhu cầu của bạn, ngay cả khi bạn có một doanh nghiệp nông nghiệ', '1587717367_13-avatar.jpg', '1587717367_13.jpg', '<p>Mildhill là một lựa chọn lý tưởng cho tất cả các loại trang web cửa hàng thực phẩm và thực phẩm hữu cơ với phong cách thiết kế hiện đại, tươi mới và bộ sưu tập bố cục chắc chắn sẽ đáp ứng mọi nhu cầu của bạn, ngay cả khi bạn có một doanh nghiệp nông nghiệp hoặc cửa hàng tạp hóa. Bạn cũng có được một bộ mẫu cửa hàng thực phẩm hữu cơ tuyệt vời, vì vậy tất cả những gì còn lại là bắt đầu trang web cửa hàng thực phẩm hữu cơ của bạn ngay hôm nay và xem doanh nghiệp của bạn phát triển!</p>', 1587717367, 'Y', 2, 2, 13),
(72, 'Fast Food', 'Đây là một thực phẩm, xe tải thực phẩm, kebab, takeaway, nhà hàng nhỏ và pop-up chủ đề, thức ăn nhanh được thiết kế để phục vụ kinh doanh thực phẩm và đồ uống như thức ăn nhanh, xe tải thực phẩm, kebab, burger, hot dog, takeaway, nhà hàng nhỏ, nhà hàng po', 'Website Bán thức ăn nhanh', 'Đây là một thực phẩm, xe tải thực phẩm, kebab, takeaway, nhà hàng nhỏ và pop-up chủ đề, thức ăn nhanh được thiết kế để phục vụ kinh doanh thực phẩm và đồ uống như thức ăn nhanh, xe tải thực phẩm, kebab, burger, hot dog, takeaway, nhà hàng nhỏ, nhà hàng po', '1587718823_14-avatar.jpg', '1587718823_14.jpg', '<p>Đây là một thực phẩm, xe tải thực phẩm, kebab, takeaway, nhà hàng nhỏ và pop-up chủ đề, thức ăn nhanh được thiết kế để phục vụ kinh doanh thực phẩm và đồ uống như thức ăn nhanh, xe tải thực phẩm, kebab, burger, hot dog, takeaway, nhà hàng nhỏ, nhà hàng pop-up, đồ nướng, tiệm bánh pizza, giao hàng, taverna hoặc quán rượu bạn sẽ tìm thấy Đồ ăn nhanh được đóng gói với các tính năng được lựa chọn cẩn thận và chế biến.</p>', 1587718823, 'Y', 2, 2, 16),
(73, 'Fast Food', 'Đây là một thực phẩm, xe tải thực phẩm, kebab, takeaway, nhà hàng nhỏ và pop-up chủ đề, thức ăn nhanh được thiết kế để phục vụ kinh doanh thực phẩm và đồ uống như thức ăn nhanh, xe tải thực phẩm, kebab, burger, hot dog, takeaway, nhà hàng nhỏ, nhà hàng po', 'Website bán thực ăn nhanh', 'Đây là một thực phẩm, xe tải thực phẩm, kebab, takeaway, nhà hàng nhỏ và pop-up chủ đề, thức ăn nhanh được thiết kế để phục vụ kinh doanh thực phẩm và đồ uống như thức ăn nhanh, xe tải thực phẩm, kebab, burger, hot dog, takeaway, nhà hàng nhỏ, nhà hàng po', '1587719277_15-avatar.jpg', '1587719277_15.jpg', '<p>Đây là một thực phẩm, xe tải thực phẩm, kebab, takeaway, nhà hàng nhỏ và pop-up chủ đề, thức ăn nhanh được thiết kế để phục vụ kinh doanh thực phẩm và đồ uống như thức ăn nhanh, xe tải thực phẩm, kebab, burger, hot dog, takeaway, nhà hàng nhỏ, nhà hàng pop-up, đồ nướng, giao hàng, taverna hoặc quán rượu bạn sẽ tìm thấy Đồ ăn nhanh được đóng gói với các tính năng được lựa chọn cẩn thận và chế biến.</p>', 1587719277, 'Y', 2, 2, 16),
(74, 'Fast Food', 'Đây là một thực phẩm, xe tải thực phẩm, kebab, takeaway, nhà hàng nhỏ và pop-up chủ đề, thức ăn nhanh được thiết kế để phục vụ kinh doanh thực phẩm và đồ uống như thức ăn nhanh, xe tải thực phẩm, kebab, burger, hot dog, takeaway, nhà hàng nhỏ, nhà hàng po', 'Website Bán thức ăn nhanh', 'Đây là một thực phẩm, xe tải thực phẩm, kebab, takeaway, nhà hàng nhỏ và pop-up chủ đề, thức ăn nhanh được thiết kế để phục vụ kinh doanh thực phẩm và đồ uống như thức ăn nhanh, xe tải thực phẩm, kebab, burger, hot dog, takeaway, nhà hàng nhỏ, nhà hàng po', '1587722751_16-avatar.jpg', '1587722751_16.jpg', '<p>Đây là một thực phẩm, xe tải thực phẩm, kebab, takeaway, nhà hàng nhỏ và pop-up chủ đề, thức ăn nhanh được thiết kế để phục vụ kinh doanh thực phẩm và đồ uống như thức ăn nhanh, xe tải thực phẩm, kebab, burger, hot dog, takeaway, nhà hàng nhỏ, nhà hàng pop-up, đồ nướng, giao hàng, taverna hoặc quán rượu bạn sẽ tìm thấy Đồ ăn nhanh được đóng gói với các tính năng được lựa chọn cẩn thận và chế biến.</p>', 1587722751, 'Y', 2, 2, 2),
(75, 'Fast Food', 'Đây là một thực phẩm, xe tải thực phẩm, kebab, takeaway, nhà hàng nhỏ và pop-up chủ đề, thức ăn nhanh được thiết kế để phục vụ kinh doanh thực phẩm và đồ uống như thức ăn nhanh, xe tải thực phẩm, kebab, burger, hot dog, takeaway, nhà hàng nhỏ, nhà hàng po', 'Website Bán thức ăn nhanh', 'Đây là một thực phẩm, xe tải thực phẩm, kebab, takeaway, nhà hàng nhỏ và pop-up chủ đề, thức ăn nhanh được thiết kế để phục vụ kinh doanh thực phẩm và đồ uống như thức ăn nhanh, xe tải thực phẩm, kebab, burger, hot dog, takeaway, nhà hàng nhỏ, nhà hàng po', '1587734220_17-avatar.jpg', '1587734220_17.jpg', '<p>Đây là một thực phẩm, xe tải thực phẩm, kebab, takeaway, nhà hàng nhỏ và pop-up chủ đề, thức ăn nhanh được thiết kế để phục vụ kinh doanh thực phẩm và đồ uống như thức ăn nhanh, xe tải thực phẩm, kebab, burger, hot dog, takeaway, nhà hàng nhỏ, nhà hàng po</p>', 1587734220, 'Y', 2, 2, 2),
(76, 'Gloreya', 'Gloreya - Nhà hàng thức ăn nhanh WordPress Theme là một chủ đề WordPress nhà hàng hiện đại và chuyên nghiệp để bán đồ ăn nhanh, bánh, Burger, cửa hàng cà phê, cửa hàng pizza, thực phẩm thuần chay.', 'Gloreya Nhà hàng thức ăn nhanh', 'Gloreya - Nhà hàng thức ăn nhanh WordPress Theme là một chủ đề WordPress nhà hàng hiện đại và chuyên nghiệp để bán đồ ăn nhanh, bánh, Burger, cửa hàng cà phê, cửa hàng pizza, thực phẩm thuần chay.', '1587734626_18-avatar.jpg', '1587734626_18.jpg', '<p><strong>Gloreya - Nhà hàng thức ăn nhanh WordPress Theme</strong> là một <strong>chủ đề WordPress nhà hàng</strong> hiện đại và chuyên nghiệp để bán đồ ăn nhanh, bánh, Burger, cửa hàng cà phê, cửa hàng pizza, thực phẩm thuần chay.</p>', 1587734626, 'Y', 2, 2, 2),
(77, 'Gloreya #2', 'Gloreya - Nhà hàng thức ăn nhanh WordPress Theme là một chủ đề WordPress nhà hàng hiện đại và chuyên nghiệp để bán đồ ăn nhanh, bánh, Burger, cửa hàng cà phê, cửa hàng pizza, thực phẩm thuần chay.', '                                                                        Website nhà hàng thức ăn nhanh                                                                        ', '                                                                        Gloreya - Nhà hàng thức ăn nhanh WordPress Theme là một chủ đề WordPress nhà hàng hiện đại và chuyên nghiệp để bán đồ ăn nhanh, bánh, Burger, cửa hàng cà phê, cửa hàng pizza, thực phẩ', '1587734801_19-avatar.jpg', '1587735023_19-avatar.jpg', '<p><strong>Gloreya - Nhà hàng thức ăn nhanh WordPress Theme</strong> là một <strong>chủ đề WordPress nhà hàng</strong> hiện đại và chuyên nghiệp để bán đồ ăn nhanh, bánh, Burger, cửa hàng cà phê, cửa hàng pizza, thực phẩm thuần chay.</p>', 1587734801, 'Y', 2, 2, 2),
(78, 'Gloreya #3', 'Gloreya - Nhà hàng thức ăn nhanh WordPress Theme là một chủ đề WordPress nhà hàng hiện đại và chuyên nghiệp để bán đồ ăn nhanh, bánh, Burger, cửa hàng cà phê, cửa hàng pizza, thực phẩm thuần chay.', '                                    Website Nhà Hàng thức ăn nhanh                                    ', '                                    Gloreya - Nhà hàng thức ăn nhanh WordPress Theme là một chủ đề WordPress nhà hàng hiện đại và chuyên nghiệp để bán đồ ăn nhanh, bánh, Burger, cửa hàng cà phê, cửa hàng pizza, thực phẩm thuần chay.                       ', '1587734866_20-avatar.jpg', '1587735041_20-avatar.jpg', '<p><strong>Gloreya - Nhà hàng thức ăn nhanh WordPress Theme</strong> là một <strong>chủ đề WordPress nhà hàng</strong> hiện đại và chuyên nghiệp để bán đồ ăn nhanh, bánh, Burger, cửa hàng cà phê, cửa hàng pizza, thực phẩm thuần chay.</p>', 1587734866, 'Y', 2, 2, 2),
(79, 'Gloreya #4', 'Gloreya - Nhà hàng thức ăn nhanh WordPress Theme là một chủ đề WordPress nhà hàng hiện đại và chuyên nghiệp để bán đồ ăn nhanh, bánh, Burger, cửa hàng cà phê, cửa hàng pizza, thực phẩm thuần chay.', 'Gloreya Nhà hàng thức ăn nhanh', 'Gloreya - Nhà hàng thức ăn nhanh WordPress Theme là một chủ đề WordPress nhà hàng hiện đại và chuyên nghiệp để bán đồ ăn nhanh, bánh, Burger, cửa hàng cà phê, cửa hàng pizza, thực phẩm thuần chay.', '1587735089_21-avatar.jpg', '1587735089_21.jpg', '<p><strong>Gloreya - Nhà hàng thức ăn nhanh WordPress Theme</strong> là một <strong>chủ đề WordPress nhà hàng</strong> hiện đại và chuyên nghiệp để bán đồ ăn nhanh, bánh, Burger, cửa hàng cà phê, cửa hàng pizza, thực phẩm thuần chay.</p>', 1587735089, 'Y', 2, 2, 2),
(80, 'Greenfarm', 'Greenfarm là một chủ đề của Prestashop tuyệt vời và phù hợp cho cửa hàng hữu cơ. Bạn có thể bán các sản phẩm tốt cho sức khỏe, thực phẩm tươi và hữu cơ với chủ đề đáp ứng này.', 'Website bán thực phẩm rau củ quả sạch.', 'Greenfarm là một chủ đề của Prestashop tuyệt vời và phù hợp cho cửa hàng hữu cơ. Bạn có thể bán các sản phẩm tốt cho sức khỏe, thực phẩm tươi và hữu cơ với chủ đề đáp ứng này.', '1587735505_22-avatar.jpg', '1587735505_22.jpg', '<p><strong>Greenfarm</strong> là một <strong>chủ đề của Prestashop</strong> tuyệt vời và phù hợp cho cửa hàng hữu cơ. Bạn có thể bán các sản phẩm tốt cho sức khỏe, thực phẩm tươi và hữu cơ với chủ đề đáp ứng này.</p>', 1587735505, 'Y', 2, 2, 15),
(81, 'Greenfarm #2', 'Greenfarm là một chủ đề của Prestashop tuyệt vời và phù hợp cho cửa hàng hữu cơ. Bạn có thể bán các sản phẩm tốt cho sức khỏe, thực phẩm tươi và hữu cơ với chủ đề đáp ứng này.', 'Website bán thực phẩm rau củ quả sạch.', 'Greenfarm là một chủ đề của Prestashop tuyệt vời và phù hợp cho cửa hàng hữu cơ. Bạn có thể bán các sản phẩm tốt cho sức khỏe, thực phẩm tươi và hữu cơ với chủ đề đáp ứng này.', '1587735603_23-avatar.jpg', '1587735603_23.jpg', '<p><strong>Greenfarm</strong> là một <strong>chủ đề của Prestashop</strong> tuyệt vời và phù hợp cho cửa hàng hữu cơ. Bạn có thể bán các sản phẩm tốt cho sức khỏe, thực phẩm tươi và hữu cơ với chủ đề đáp ứng này.</p>', 1587735603, 'Y', 2, 2, 15),
(82, 'Ecolife #2', 'Ecolife - Chủ đề thực phẩm hữu cơ đáp ứng thực phẩm hữu cơ là một chủ đề tuyệt vời của Prestashop trong phiên bản mới nhất của Prestashop 1.7.6. Chủ đề này được thiết kế đẹp mắt, hoàn toàn phù hợp cho bất kỳ cửa hàng Siêu thị trực tuyến, Cửa hàng Thực phẩ', '                                    Website bán thực phẩm, đồ uống                                    ', '                                    Ecolife - Chủ đề thực phẩm hữu cơ đáp ứng thực phẩm hữu cơ là một chủ đề tuyệt vời của Prestashop trong phiên bản mới nhất của Prestashop 1.7.6. Chủ đề này được thiết kế đẹp mắt, hoàn toàn phù hợp cho bất kỳ cửa hàng Si', '1587735849_24-avatar.jpg', '1587736780_24-avatar.jpg', '<p><strong>Ecolife</strong> - Chủ đề thực phẩm hữu cơ đáp ứng thực phẩm hữu cơ là một chủ đề tuyệt vời của Prestashop trong phiên bản mới nhất của Prestashop 1.7.6. Chủ đề này được thiết kế đẹp mắt, hoàn toàn phù hợp cho bất kỳ cửa hàng Siêu thị trực tuyến, Cửa hàng Thực phẩm & Đồ uống, Thực phẩm Tươi sống, Thực phẩm Hữu cơ, Cửa hàng Rau. Với 100% thiết kế đáp ứng web, <strong>chủ đề Ecolife Prestashop</strong> làm cho cửa hàng của bạn trông tuyệt đẹp, chuyên nghiệp và có khả năng tùy biến cao trên mọi thiết bị.</p>', 1587735849, 'Y', 2, 2, 2),
(83, 'Ecolife #3', 'Ecolife - Chủ đề thực phẩm hữu cơ đáp ứng thực phẩm hữu cơ là một chủ đề tuyệt vời của Prestashop trong phiên bản mới nhất của Prestashop 1.7.6. Chủ đề này được thiết kế đẹp mắt, hoàn toàn phù hợp cho bất kỳ cửa hàng Siêu thị trực tuyến, Cửa hàng Thực phẩ', '                                    Website bán thực phẩm, đồ uống                                    ', '                                    Ecolife - Chủ đề thực phẩm hữu cơ đáp ứng thực phẩm hữu cơ là một chủ đề tuyệt vời của Prestashop trong phiên bản mới nhất của Prestashop 1.7.6. Chủ đề này được thiết kế đẹp mắt, hoàn toàn phù hợp cho bất kỳ cửa hàng Si', '1587735927_25-avatar.jpg', '1587736794_25-avatar.jpg', '<p><strong>Ecolife</strong> - Chủ đề thực phẩm hữu cơ đáp ứng thực phẩm hữu cơ là một chủ đề tuyệt vời của Prestashop trong phiên bản mới nhất của Prestashop 1.7.6. Chủ đề này được thiết kế đẹp mắt, hoàn toàn phù hợp cho bất kỳ cửa hàng Siêu thị trực tuyến, Cửa hàng Thực phẩm & Đồ uống, Thực phẩm Tươi sống, Thực phẩm Hữu cơ, Cửa hàng Rau. Với 100% thiết kế đáp ứng web, <strong>chủ đề Ecolife Prestashop</strong> làm cho cửa hàng của bạn trông tuyệt đẹp, chuyên nghiệp và có khả năng tùy biến cao trên mọi thiết bị.</p>', 1587735927, 'Y', 2, 2, 2),
(84, 'Ecolife #4', 'Ecolife - Chủ đề thực phẩm hữu cơ đáp ứng thực phẩm hữu cơ là một chủ đề tuyệt vời của Prestashop trong phiên bản mới nhất của Prestashop 1.7.6. Chủ đề này được thiết kế đẹp mắt, hoàn toàn phù hợp cho bất kỳ cửa hàng Siêu thị trực tuyến, Cửa hàng Thực phẩ', '                                                                                                            Website bán thực phẩm, đồ uống                                                                                                            ', '                                                                                                            Ecolife - Chủ đề thực phẩm hữu cơ đáp ứng thực phẩm hữu cơ là một chủ đề tuyệt vời của Prestashop trong phiên bản mới nhất của Prestashop 1.7.6. Ch', '1587735983_26-avatar.jpg', '1587736817_26-avatar.jpg', '<p><strong>Ecolife</strong> - Chủ đề thực phẩm hữu cơ đáp ứng thực phẩm hữu cơ là một chủ đề tuyệt vời của Prestashop trong phiên bản mới nhất của Prestashop 1.7.6. Chủ đề này được thiết kế đẹp mắt, hoàn toàn phù hợp cho bất kỳ cửa hàng Siêu thị trực tuyến, Cửa hàng Thực phẩm & Đồ uống, Thực phẩm Tươi sống, Thực phẩm Hữu cơ, Cửa hàng Rau. Với 100% thiết kế đáp ứng web, <strong>chủ đề Ecolife Prestashop</strong> làm cho cửa hàng của bạn trông tuyệt đẹp, chuyên nghiệp và có khả năng tùy biến cao trên mọi thiết bị.</p>', 1587735983, 'Y', 2, 2, 2),
(85, 'Ecolife #5', 'Ecolife - Chủ đề thực phẩm hữu cơ đáp ứng thực phẩm hữu cơ là một chủ đề tuyệt vời của Prestashop trong phiên bản mới nhất của Prestashop 1.7.6. Chủ đề này được thiết kế đẹp mắt, hoàn toàn phù hợp cho bất kỳ cửa hàng Siêu thị trực tuyến, Cửa hàng Thực phẩ', '                                                                        Gloreya Nhà hàng thức ăn nhanh                                                                        ', '                                                                        Ecolife - Chủ đề thực phẩm hữu cơ đáp ứng thực phẩm hữu cơ là một chủ đề tuyệt vời của Prestashop trong phiên bản mới nhất của Prestashop 1.7.6. Chủ đề này được thiết kế đẹp mắt, hoàn', '1587736033_27-avatar.jpg', '1587736898_27-avatar.jpg', '<p><strong>Ecolife</strong> - Chủ đề thực phẩm hữu cơ đáp ứng thực phẩm hữu cơ là một chủ đề tuyệt vời của Prestashop trong phiên bản mới nhất của Prestashop 1.7.6. Chủ đề này được thiết kế đẹp mắt, hoàn toàn phù hợp cho bất kỳ cửa hàng Siêu thị trực tuyến, Cửa hàng Thực phẩm & Đồ uống, Thực phẩm Tươi sống, Thực phẩm Hữu cơ, Cửa hàng Rau. Với 100% thiết kế đáp ứng web, <strong>chủ đề Ecolife Prestashop</strong> làm cho cửa hàng của bạn trông tuyệt đẹp, chuyên nghiệp và có khả năng tùy biến cao trên mọi thiết bị.</p>', 1587736033, 'Y', 2, 2, 2),
(86, 'Ecolife #6', 'Ecolife la một thương hiệu chuyên về sản phẩm làm đẹp cho phái nữ. bao gồm các loại mỹ phẩm cao cấp được chiết xuất từ những nguyên liệu thiên nhiên tươi mát, cao cấp  ', '                                                                        Website bán mỹ phẩm                                                                        ', '                                                                        Ecolife la một thương hiệu chuyên về sản phẩm làm đẹp cho phái nữ. bao gồm các loại mỹ phẩm cao cấp được chiết xuất từ những nguyên liệu thiên nhiên tươi mát, cao cấp  \r\n\r\nMỹ phẩm là ', '1587736303_28-avatar.jpg', '1587737272_29-avatar.jpg', '<p>Ecolife la một thương hiệu chuyên về sản phẩm làm đẹp cho phái nữ. bao gồm các loại mỹ phẩm cao cấp được chiết xuất từ những nguyên liệu thiên nhiên tươi mát, cao cấp  </p>\r\n\r\n<p>Mỹ phẩm là một trong những công cụ hỗ trợ làm đẹp mà tất cả mọi người đều yêu thích, ngày nay với sự tiến bộ của ngành thẩm mỹ đã cho ra đời rất nhiều dòng sản phẩm khác nhau. Không thể phủ nhận công dụng và hiệu quả tuyệt vời mà mỹ phẩm mang lại trong quá trình làm đẹp, phòng ngừa và đặc trị cho tất cả chúng ta<br />\r\nDùng mỹ phẩm làm đẹp tại nhà là nhu cầu cần thiết cho mỗi người, ai cũng muốn mình t.rẻ đẹp mãi mãi. Mỹ phẩm cần cho quá trình nuôi dưỡng, ngăn ngừa các tổn thương da từ bên ngoài và phục hồi lại làn da đã bị thương.</p>', 1587736303, 'Y', 2, 2, 11),
(87, 'Ecolife #7', 'Ecolife la một thương hiệu chuyên về sản phẩm làm đẹp cho phái nữ. bao gồm các loại mỹ phẩm cao cấp được chiết xuất từ những nguyên liệu thiên nhiên tươi mát, cao cấp', 'Website bán mỹ phẩm', 'Ecolife la một thương hiệu chuyên về sản phẩm làm đẹp cho phái nữ. bao gồm các loại mỹ phẩm cao cấp được chiết xuất từ những nguyên liệu thiên nhiên tươi mát, cao cấp', '1587737319_30-avatar.jpg', '1587737319_30.jpg', '<p>Ecolife la một thương hiệu chuyên về sản phẩm làm đẹp cho phái nữ. bao gồm các loại mỹ phẩm cao cấp được chiết xuất từ những nguyên liệu thiên nhiên tươi mát, cao cấp</p>\r\n\r\n<p>Mỹ phẩm là một trong những công cụ hỗ trợ làm đẹp mà tất cả mọi người đều yêu thích, ngày nay với sự tiến bộ của ngành thẩm mỹ đã cho ra đời rất nhiều dòng sản phẩm khác nhau. Không thể phủ nhận công dụng và hiệu quả tuyệt vời mà mỹ phẩm mang lại trong quá trình làm đẹp, phòng ngừa và đặc trị cho tất cả chúng ta<br />\r\nDùng mỹ phẩm làm đẹp tại nhà là nhu cầu cần thiết cho mỗi người, ai cũng muốn mình t.rẻ đẹp mãi mãi. Mỹ phẩm cần cho quá trình nuôi dưỡng, ngăn ngừa các tổn thương da từ bên ngoài và phục hồi lại làn da đã bị thương.</p>', 1587737319, 'Y', 2, 2, 11),
(88, 'Tinysalt ', '\r\nTinySalt là một chủ đề blog mới mẻ và thanh lịch dành cho blogger ẩm thực, những người yêu thích nấu ăn và kinh doanh thực phẩm nhỏ. Ý tưởng cho tất cả các blogger thực phẩm, cho dù bạn có một blog mới hoặc một blog đã có hàng trăm công thức nấu ăn. Trì', 'Website Chụp hình', 'TinySalt là một chủ đề blog mới mẻ và thanh lịch dành cho blogger ẩm thực, những người yêu thích nấu ăn và kinh doanh thực phẩm nhỏ. Ý tưởng cho tất cả các blogger thực phẩm, cho dù bạn có một blog mới hoặc một blog đã có hàng trăm công thức nấu ăn. Trình', '1587739702_31-avatar.jpg', '1587739702_31.jpg', '<p>TinySalt là một chủ đề blog mới mẻ và thanh lịch dành cho blogger ẩm thực, những người yêu thích nấu ăn và kinh doanh thực phẩm nhỏ. Ý tưởng cho tất cả các blogger thực phẩm, cho dù bạn có một blog mới hoặc một blog đã có hàng trăm công thức nấu ăn. Trình bày nội dung của bạn một cách đẹp.</p>\r\n\r\n<p>TinySalt cung cấp các kiểu và bố cục blog phong phú. Và nó rất dễ dàng để tạo và quản lý công thức nấu ăn của bạn. Chủ đề tương thích với các plugin phổ biến như WooC Commerce, MailChimp cho WordPress, Contact Form 7, v.v. Với tùy biến WordPress, bạn có thể dễ dàng thay đổi màu sắc, phông chữ và xuất hiện nhiều chủ đề hơn với bản xem trước tức thì.</p>', 1587739702, 'Y', 2, 3, 17),
(89, 'Tinysalt  #2', 'TinySalt là một chủ đề blog mới mẻ và thanh lịch dành cho blogger ẩm thực, những người yêu thích nấu ăn và kinh doanh thực phẩm nhỏ. Ý tưởng cho tất cả các blogger thực phẩm, cho dù bạn có một blog mới hoặc một blog đã có hàng trăm công thức nấu ăn. Trình', '                                    Website Chụp hình                                    ', '                                    TinySalt là một chủ đề blog mới mẻ và thanh lịch dành cho blogger ẩm thực, những người yêu thích nấu ăn và kinh doanh thực phẩm nhỏ. Ý tưởng cho tất cả các blogger thực phẩm, cho dù bạn có một blog mới hoặc một blog đã ', '1587739836_32-avatar.jpg', '1587739896_32-avatar.jpg', '<p>TinySalt là một chủ đề blog mới mẻ và thanh lịch dành cho blogger ẩm thực, những người yêu thích nấu ăn và kinh doanh thực phẩm nhỏ. Ý tưởng cho tất cả các blogger thực phẩm, cho dù bạn có một blog mới hoặc một blog đã có hàng trăm công thức nấu ăn. Trình bày nội dung của bạn một cách đẹp</p>\r\n\r\n<p>TinySalt cung cấp các kiểu và bố cục blog phong phú. Và nó rất dễ dàng để tạo và quản lý công thức nấu ăn của bạn. Chủ đề tương thích với các plugin phổ biến như WooC Commerce, MailChimp cho WordPress, Contact Form 7, v.v. Với tùy biến WordPress, bạn có thể dễ dàng thay đổi màu sắc, phông chữ và xuất hiện nhiều chủ đề hơn với bản xem trước tức thì.</p>', 1587739836, 'Y', 2, 3, 2),
(90, 'Thatix', 'Một trang web công thức thực phẩm, nơi chia sẻ những món ăn ngon, reo giắc niềm đam mê ẩm thực tới tất cả mọi người, trên khăp thế giới. bao gồm những món ăn Á, ÂU. Bạn không phải tới tận những nới xa xôi mà chỉ cần thực hiện những món ăn mình thích nhất ', 'Website Chủ đề Bí quyết Thực phẩm', 'Một trang web công thức thực phẩm, nơi chia sẻ những món ăn ngon, reo giắc niềm đam mê ẩm thực tới tất cả mọi người, trên khăp thế giới. bao gồm những món ăn Á, ÂU. Bạn không phải tới tận những nới xa xôi mà chỉ cần thực hiện những món ăn mình thích nhất ', '1587786569_33-avatar.jpg', '1587786569_33.jpg', '<p>Một trang web công thức thực phẩm, nơi chia sẻ những món ăn ngon, reo giắc niềm đam mê ẩm thực tới tất cả mọi người, trên khăp thế giới. bao gồm những món ăn Á, ÂU. Bạn không phải tới tận những nới xa xôi mà chỉ cần thực hiện những món ăn mình thích nhất qua sự hỗ trợ của thatix</p>', 1587786569, 'Y', 2, 3, 2),
(91, 'Superfood', 'Superfood là website về thực phẩm hữu cơ, sản phẩm sức khỏe tự nhiên, blog thực phẩm, sản phẩm y tế tự nhiên, cho bất kỳ tiệm bánh, nhà hàng, cửa hàng kem, cửa hàng cà phê, cửa hàng tạp hóa, tên bạn', 'Website ', 'Superfood là website về thực phẩm hữu cơ, sản phẩm sức khỏe tự nhiên, blog thực phẩm, sản phẩm y tế tự nhiên, cho bất kỳ tiệm bánh, nhà hàng, cửa hàng kem, cửa hàng cà phê, cửa hàng tạp hóa, tên bạn', '1587789284_34-avatar.jpg', '1587789284_34.jpg', '<p>Superfood là website về thực phẩm hữu cơ, sản phẩm sức khỏe tự nhiên, blog thực phẩm, sản phẩm y tế tự nhiên, cho bất kỳ tiệm bánh, nhà hàng, cửa hàng kem, cửa hàng cà phê, cửa hàng tạp hóa, tên bạn, Superfood đã bao gồm ! Nó đi kèm với một loạt các trang chủ được thiết kế sẵn và các yếu tố mới có thể được sử dụng để giới thiệu doanh nghiệp của bạn trong ánh sáng tốt nhất. Nếu bạn thích đồ ăn tốt cho sức khỏe, ngành công nghiệp mỹ phẩm hay các sản phẩm tốt cho sức khỏe nói chung, thì Superfood chỉ là chủ đề dành cho bạn. Nhờ có nhiều mẫu cửa hàng, bạn có thể dễ dàng tạo ra một cửa hàng thực phẩm trực tuyến và trưng bày các sản phẩm thực phẩm, cửa hàng tạp hóa và tất cả các loại sản phẩm tự nhiên.</p>', 1587789284, 'Y', 2, 2, 18),
(92, 'Superfood #1', 'Superfood là website về thực phẩm hữu cơ, sản phẩm sức khỏe tự nhiên, blog thực phẩm, sản phẩm y tế tự nhiên, cho bất kỳ tiệm bánh, nhà hàng, cửa hàng kem, cửa hàng cà phê, cửa hàng tạp hóa, tên bạn', '                                    Superfood Nhà hàng thức ăn nhanh                                    ', '                                    Superfood là website về thực phẩm hữu cơ, sản phẩm sức khỏe tự nhiên, blog thực phẩm, sản phẩm y tế tự nhiên, cho bất kỳ tiệm bánh, nhà hàng, cửa hàng kem, cửa hàng cà phê, cửa hàng tạp hóa, tên bạn                     ', '1587794366_35-avatar.jpg', '1587814003_35-avatar.jpg', '<p>Superfood là website về thực phẩm hữu cơ, sản phẩm sức khỏe tự nhiên, blog thực phẩm, sản phẩm y tế tự nhiên, cho bất kỳ tiệm bánh, nhà hàng, cửa hàng kem, cửa hàng cà phê, cửa hàng tạp hóa, tên bạn, Superfood đã bao gồm ! Nó đi kèm với một loạt các trang chủ được thiết kế sẵn và các yếu tố mới có thể được sử dụng để giới thiệu doanh nghiệp của bạn trong ánh sáng tốt nhất. Nếu bạn thích đồ ăn tốt cho sức khỏe, ngành công nghiệp mỹ phẩm hay các sản phẩm tốt cho sức khỏe nói chung, thì Superfood chỉ là chủ đề dành cho bạn. Nhờ có nhiều mẫu cửa hàng, bạn có thể dễ dàng tạo ra một cửa hàng thực phẩm trực tuyến và trưng bày các sản phẩm thực phẩm, cửa hàng tạp hóa và tất cả các loại sản phẩm tự nhiên.</p>', 1587794366, 'Y', 2, 2, 2),
(93, 'Superfood #2', 'Chuyên về thực phẩm hữu cơ, sản phẩm sức khỏe tự nhiên, blog thực phẩm, sản phẩm y tế tự nhiên, cho bất kỳ tiệm bánh, nhà hàng, cửa hàng kem, cửa hàng cà phê, cửa hàng tạp hóa, tên bạn', '                                    Website bán thực phẩm trà                                    ', '                                    Nếu bạn đang tìm kiếm một chủ đề phù hợp nhất cho việc kinh doanh thực phẩm của mình, thì đừng tìm đâu xa - Superfood là lựa chọn tốt nhất của bạn! Chủ đề đáng kinh ngạc này là tuyệt vời cho tất cả các loại trang web: t', '1587811423_36-avatar.jpg', '1587813985_36-avatar.jpg', '<p>Nếu bạn đang tìm kiếm một chủ đề phù hợp nhất cho việc kinh doanh thực phẩm của mình, thì đừng tìm đâu xa - Superfood là lựa chọn tốt nhất của bạn! Chủ đề đáng kinh ngạc này là tuyệt vời cho tất cả các loại trang web: thực phẩm hữu cơ, sản phẩm sức khỏe tự nhiên, blog thực phẩm, sản phẩm y tế tự nhiên, cho bất kỳ tiệm bánh, nhà hàng, cửa hàng kem, cửa hàng cà phê, cửa hàng tạp hóa, tên bạn, Superfood đã bao gồm ! Nó đi kèm với một loạt các trang chủ được thiết kế sẵn và các yếu tố mới có thể được sử dụng để giới thiệu doanh nghiệp của bạn trong ánh sáng tốt nhất. Nếu bạn thích đồ ăn tốt cho sức khỏe, ngành công nghiệp mỹ phẩm hay các sản phẩm tốt cho sức khỏe nói chung, thì Superfood chỉ là chủ đề dành cho bạn. Nhờ có nhiều mẫu cửa hàng, bạn có thể dễ dàng tạo ra một cửa hàng thực phẩm trực tuyến và trưng bày các sản phẩm thực phẩm, cửa hàng tạp hóa và tất cả các loại sản phẩm tự nhiên.</p>', 1587811423, 'Y', 2, 2, 2),
(94, 'Superfood #3', 'Website giới thiệu và bán các loại kem . đầy đủ hương bị từ trái cây tự nhiên tươi mát.', 'Website bán kem, chia sẻ công thức chế biến', 'Website giới thiệu và bán các loại kem . đầy đủ hương bị từ trái cây tự nhiên tươi mát.', '1587811933_37-avatar.jpg', '1587811933_37.jpg', '<p>Website giới thiệu và bán các loại kem . đầy đủ hương bị từ trái cây tự nhiên tươi mát.</p>\r\n\r\n<p>Mùa hè sắp tới. không khí nóng bức, chuẩn bị bao vây chúng ta. thì chúng ta phải làm gì?</p>\r\n\r\n<p>Tìm tới nhưng viên kem, que kem thơm mát từ tất cả các mùi vị trái cây, nguyên liệu tự nhiên tươi mát sẽ giúp cho chúng ta đánh bay được sự nóng bức, mệt mỏi trong người để có đầy đủ năng lượng thực hiện những mục tiêu của mình</p>', 1587811933, 'Y', 2, 2, 19),
(95, 'Superfood #4', 'Website chúng tôi cung cấp cho mọi người những hiểu biết và những thực phẩm sạch ', 'Website giới thiệu, cung cấp thực phẩm sạch', 'Website chúng tôi cung cấp cho mọi người những hiểu biết và những thực phẩm sạch ', '1587812296_38-avatar.jpg', '1587812296_38.jpg', '<p>Website chúng tôi cung cấp cho mọi người những hiểu biết và những thực phẩm sạch. </p>\r\n\r\n<p>Sức khỏe là 1 phần thiết yếu trong cuộc sống mà ai ai trong mỗi chúng ta đều phải chăm sóc. vì vậy muốn sức khỏe thật tốt thì bạn phải ăn uống, ngủ đúng giờ giấc. </p>\r\n\r\n<p>Đặc biệt là phải cung cấp nhìu chất xơ và phải đảm bảo những thứ chung ta ăn vô đều phải có nguồn gốc và sạch sẽ. </p>\r\n\r\n<p>Nên chung tối ở đây để hỗ trợ cho bạn làm điều đó. </p>', 1587812296, 'Y', 2, 2, 13),
(96, 'Superfood #5', 'Website chúng tôi hỗ trợ cho bạn về cách chăm sóc sắc đẹp.', '                                    Website Về mỹ phẩm, làm đẹp                                    ', '                                    Website chúng tôi hỗ trợ cho bạn về cách chăm sóc sắc đẹp.                                    ', '1587812773_39-avatar.jpg', '1587813850_39-avatar.jpg', '<p>Website chúng tôi hỗ trợ cho bạn về cách chăm sóc sắc đẹp.</p>\r\n\r\n<p>Chúng tôi luôn cập nhật và mang đến cho phái đẹp nhưng sự lựa chọn hàng đầu, để khi bạn nhắc tới vấn đề về sắc đẹp thì các bạn sẽ nhớ ngay đến chúng tôi. vì chúng tôi luôn mang đến điều tuyệt vời nhất cho bạn. </p>\r\n\r\n<p>Sắc đẹp là 1 trong số những điều mà chúng ta quan tâm nhất. chung tôi luôn chuẩn bị và chế biến từ những nguyên liệu thượng hàng và có nguồn gốc rõ ràng. sẽ làm cho bạn hài lòng khi cho chung tôi được phục vụ bạn</p>', 1587812773, 'Y', 2, 2, 11),
(97, 'Superfood #6', 'Website chung tối cung cấp các công thức và sản phẩm về những món đồ uống cho các tín đồ đam mê coffee. ', '                                    Website về coffe                                    ', '                                    Website chung tối cung cấp các công thức và sản phẩm về những món đồ uống cho các tín đồ đam mê coffee.                                     ', '1587813262_40-avatar.jpg', '1587813834_40-avatar.jpg', '<p>Website chung tối cung cấp các công thức và sản phẩm về những món đồ uống cho các tín đồ đam mê coffee. </p>\r\n\r\n<p>Chúng tôi mang tới nhưng món thức uống thượng hàng bằng những công thức tuyệt vời nhất. để giúp cho bạn có được tinh thần thoải mải để làm việc.</p>\r\n\r\n<p>Dòng coffee của chúng tôi được thực hiện bởi nhưng tay nghề pha chế chuyên nghiệp để mang tới sản phẩm tốt nhất cho bạn.</p>', 1587813262, 'Y', 2, 2, 20),
(98, 'Superfood #7', 'Nơi chia sẻ công thức và bán các loại thức ăn nhanh  nhanh, bánh ngọt ', '                                    Website Chia sẻ công thức và bán bánh ngọt                                    ', '                                    Nơi chia sẻ công thức và bán các loại thức ăn nhanh  nhanh, bánh ngọt                                    ', '1587813710_41-avatar.jpg', '1587813823_41-avatar.jpg', '<p>Nơi chia sẻ công thức và bán các loại thức ăn nhanh  nhanh, bánh ngọt. luôn luôn cập nhật những món bánh lạ với nhiều công thức khác nhau để mang tới cho khách hàng được thưởng thức nhìu vị mà không chán. mỗi loại bánh chung tôi chế biến ra nó đều có hương vị riêng. mang tới cho khách hàng 1 bữa an ngon miệng</p>\r\n\r\n<p> </p>', 1587813710, 'Y', 2, 2, 14),
(99, 'Superfood #8', 'Chuyên về thực phẩm hữu cơ, sản phẩm sức khỏe tự nhiên, blog thực phẩm, sản phẩm y tế tự nhiên, cho bất kỳ tiệm bánh, nhà hàng, cửa hàng kem, cửa hàng cà phê, cửa hàng tạp hóa, tên bạn.', '                                    Website Bán Trà                                    ', '                                    Chuyên về thực phẩm hữu cơ, sản phẩm sức khỏe tự nhiên, blog thực phẩm, sản phẩm y tế tự nhiên, cho bất kỳ tiệm bánh, nhà hàng, cửa hàng kem, cửa hàng cà phê, cửa hàng tạp hóa, tên bạn.                                  ', '1587814210_42-avatar.jpg', '1587814240_42-avatar.jpg', '<p>Nếu bạn đang tìm kiếm một chủ đề phù hợp nhất cho việc kinh doanh thực phẩm của mình, thì đừng tìm đâu xa - Superfood là lựa chọn tốt nhất của bạn! Chủ đề đáng kinh ngạc này là tuyệt vời cho tất cả các loại trang web: thực phẩm hữu cơ, sản phẩm sức khỏe tự nhiên, blog thực phẩm, sản phẩm y tế tự nhiên, cho bất kỳ tiệm bánh, nhà hàng, cửa hàng kem, cửa hàng cà phê, cửa hàng tạp hóa, tên bạn, Superfood đã bao gồm ! Nó đi kèm với một loạt các trang chủ được thiết kế sẵn và các yếu tố mới có thể được sử dụng để giới thiệu doanh nghiệp của bạn trong ánh sáng tốt nhất. Nếu bạn thích đồ ăn tốt cho sức khỏe, ngành công nghiệp mỹ phẩm hay các sản phẩm tốt cho sức khỏe nói chung, thì Superfood chỉ là chủ đề dành cho bạn. Nhờ có nhiều mẫu cửa hàng, bạn có thể dễ dàng tạo ra một cửa hàng thực phẩm trực tuyến và trưng bày các sản phẩm thực phẩm, cửa hàng tạp hóa và tất cả các loại sản phẩm tự nhiên.</p>', 1587814210, 'Y', 2, 2, 21),
(100, 'Organic', 'Một số mẫu mà Organista có thể được sử dụng là: Nông trại hữu cơ, Cửa hàng hữu cơ, Cửa hàng Beauty Oragnic', '                                    Website cung cấn các loại hạt hữu cơ                                    ', '                                    Một số mẫu mà Organista có thể được sử dụng là: Nông trại hữu cơ, Cửa hàng hữu cơ, Cửa hàng Beauty Oragnic                                    ', '1587814451_43-avatar.jpg', '1587814492_43-avatar.jpg', '<p>Một số mẫu mà Organista có thể được sử dụng là: <span style=\"color:rgb(84, 84, 84); font-family:helvetica neue,helvetica,arial,sans-serif; font-size:16px\">Nông trại hữu cơ, Cửa hàng hữu cơ, Cửa hàng Beauty Oragnic</span></p>', 1587814451, 'Y', 2, 2, 22),
(101, 'Organic #2', 'Một số mẫu mà Organista có thể được sử dụng là: Nông trại hữu cơ, Cửa hàng hữu cơ, Cửa hàng Beauty Oragnic', 'Website bán thực phẩm hữu cơ', 'Một số mẫu mà Organista có thể được sử dụng là: Nông trại hữu cơ, Cửa hàng hữu cơ, Cửa hàng Beauty Oragnic', '1587814582_44-avatar.jpg', '1587814582_44.jpg', '<p>Một số mẫu mà Organista có thể được sử dụng là: <span style=\"color:rgb(84, 84, 84); font-family:helvetica neue,helvetica,arial,sans-serif; font-size:16px\">Nông trại hữu cơ, Cửa hàng hữu cơ, Cửa hàng Beauty Oragnic</span></p>', 1587814582, 'Y', 2, 2, 22),
(102, 'Organic #3', 'Một số mẫu mà Organista có thể được sử dụng là: Nông trại hữu cơ, Cửa hàng hữu cơ, Cửa hàng Beauty Oragnic', 'Website bán thực phẩm hữu cơ', 'Một số mẫu mà Organista có thể được sử dụng là: Nông trại hữu cơ, Cửa hàng hữu cơ, Cửa hàng Beauty Oragnic', '1587814634_45-avatar.jpg', '1587814634_45.jpg', '<p>Một số mẫu mà Organista có thể được sử dụng là: <span style=\"color:rgb(84, 84, 84); font-family:helvetica neue,helvetica,arial,sans-serif; font-size:16px\">Nông trại hữu cơ, Cửa hàng hữu cơ, Cửa hàng Beauty Oragnic</span></p>', 1587814634, 'Y', 2, 2, 22),
(103, 'Organic #4', 'Một số mẫu mà Organista có thể được sử dụng là: Nông trại hữu cơ, Cửa hàng hữu cơ', 'Website bán thực phẩm hữu cơ', 'Một số mẫu mà Organista có thể được sử dụng là: Nông trại hữu cơ, Cửa hàng hữu cơ', '1588234539_46-avatar.jpg', '1588234539_46.jpg', '<p>Một số mẫu mà Organista có thể được sử dụng là: <span style=\"color:rgb(84, 84, 84); font-family:helvetica neue,helvetica,arial,sans-serif; font-size:16px\">Nông trại hữu cơ, Cửa hàng hữu cơ</span></p>', 1588234539, 'Y', 2, 2, 22),
(104, 'Organic #5', 'Một số mẫu mà Organista có thể được sử dụng là: Nông trại hữu cơ, Cửa hàng hữu cơ', 'Website bán thực phẩm hữu cơ', 'Một số mẫu mà Organista có thể được sử dụng là: Nông trại hữu cơ, Cửa hàng hữu cơ', '1588251519_47-avatar.jpg', '1588251519_47.jpg', '<p>Một số mẫu mà Organista có thể được sử dụng là: Nông trại hữu cơ, Cửa hàng hữu cơ</p>', 1588251519, 'Y', 2, 2, 22),
(105, 'Organic #6', 'Một số mẫu mà Organista có thể được sử dụng là: Nông trại hữu cơ, Cửa hàng hữu cơ', 'Website bán thực phẩm hữu cơ', 'Một số mẫu mà Organista có thể được sử dụng là: Nông trại hữu cơ, Cửa hàng hữu cơ', '1588251586_48-avatar.jpg', '1588251586_48.jpg', '<p>Một số mẫu mà Organista có thể được sử dụng là: Nông trại hữu cơ, Cửa hàng hữu cơ</p>', 1588251586, 'Y', 2, 2, 22),
(106, 'Organic #7', 'Một số mẫu mà Organista có thể được sử dụng là: Nông trại hữu cơ, Cửa hàng hữu cơ', 'Website bán thực phẩm hữu cơ', 'Một số mẫu mà Organista có thể được sử dụng là: Nông trại hữu cơ, Cửa hàng hữu cơ', '1588251658_49-avatar.jpg', '1588251658_49.jpg', '<p>Một số mẫu mà Organista có thể được sử dụng là: Nông trại hữu cơ, Cửa hàng hữu cơ</p>', 1588251658, 'Y', 2, 1, 22),
(107, 'Organic #8', 'Một số mẫu mà Organista có thể được sử dụng là: Nông trại hữu cơ, Cửa hàng hữu cơ', 'Website bán thực phẩm hữu cơ', 'Một số mẫu mà Organista có thể được sử dụng là: Nông trại hữu cơ, Cửa hàng hữu cơ', '1588251707_50-avatar.jpg', '1588251707_50.jpg', '<p>Một số mẫu mà Organista có thể được sử dụng là: Nông trại hữu cơ, Cửa hàng hữu cơ</p>', 1588251707, 'Y', 2, 2, 22),
(108, 'Ristorante', 'Ristorante là nhà hàng và quán rượu đa năng tốt nhất. Cung cấp những món ăn đặc biệt, chất lượng cho khách hàng. ', 'Ristorante Nhà hàng', 'Ristorante là nhà hàng và quán rượu đa năng tốt nhất. Cung cấp những món ăn đặc biệt, chất lượng cho khách hàng. \r\n\r\nChất lượng, vệ sinh thực phẩm là số 1. nên chunug tôi luôn luôn tuyển chọn kỹ lường nguông cung cấp cho chung tôi được những sản phẩm tốt ', '1588252403_51-avatar.jpg', '1588252403_51.jpg', '<p>Ristorante là nhà hàng và quán rượu đa năng tốt nhất. Cung cấp những món ăn đặc biệt, chất lượng cho khách hàng. </p>\r\n\r\n<p>Chất lượng, vệ sinh thực phẩm là số 1. nên chunug tôi luôn luôn tuyển chọn kỹ lường nguông cung cấp cho chung tôi được những sản phẩm tốt nhất. Nhaqmf mang tới cho quý khách hàng cảm thấy ngon miệng. </p>\r\n\r\n<p>Với menu 5 sao và những đầu bếp nổi tiếng với kinh nghiệm lâu năm thì quý khách yên tâm món ăn của chúng tôi luôn thơm ngon.</p>', 1588252403, 'Y', 2, 2, 2),
(109, 'Pizza line', 'Pizza - Mẫu PSD thức ăn nhanh đặt hàng trực tuyến là mẫu PSD nhà hàng đa năng độc đáo. Pizza PSD Template là một thiết kế bố trí hiện đại và sạch sẽ với sự chú ý cao cấp đến các chi tiết cho Đồ ăn nhanh và Pizza giao nhà hàng hoặc quán cà phê hoặc khách s', 'Website Bán Pizza', 'Pizza - Mẫu PSD thức ăn nhanh đặt hàng trực tuyến là mẫu PSD nhà hàng đa năng độc đáo. Pizza PSD Template là một thiết kế bố trí hiện đại và sạch sẽ với sự chú ý cao cấp đến các chi tiết cho Đồ ăn nhanh và Pizza giao nhà hàng hoặc quán cà phê hoặc khách s', '1588252576_52-avatar.jpg', '1588252576_52.jpg', '<p><strong>Pizza - Mẫu PSD thức ăn nhanh đặt hàng trực tuyến</strong> là mẫu PSD nhà hàng đa năng độc đáo. <strong>Pizza PSD Template</strong> là một thiết kế bố trí hiện đại và sạch sẽ với sự chú ý cao cấp đến các chi tiết cho Đồ ăn nhanh và Pizza giao <strong>nhà hàng</strong> hoặc <strong>quán cà phê</strong> hoặc <strong>khách sạn</strong> .</p>', 1588252576, 'Y', 2, 2, 2),
(110, 'Restaurant', 'Restaurant là nhà hàng đa năng tốt nhất. Cung cấp những món ăn đặc biệt, chất lượng cho khách hàng.', 'Website Nhà hàng', 'Restaurant là nhà hàng đa năng tốt nhất. Cung cấp những món ăn đặc biệt, chất lượng cho khách hàng.', '1588253140_52-avatar.jpg', '1588253140_52.jpg', '<p>Restaurant là nhà hàng đa năng tốt nhất. Cung cấp những món ăn đặc biệt, chất lượng cho khách hàng.</p>\r\n\r\n<p>Chất lượng, vệ sinh thực phẩm là số 1. nên chunug tôi luôn luôn tuyển chọn kỹ lường nguông cung cấp cho chung tôi được những sản phẩm tốt nhất. Nhaqmf mang tới cho quý khách hàng cảm thấy ngon miệng.</p>\r\n\r\n<p>Với menu 5 sao và những đầu bếp nổi tiếng với kinh nghiệm lâu năm thì quý khách yên tâm món ăn của chúng tôi luôn thơm ngon.</p>', 1588253140, 'Y', 2, 2, 2),
(111, 'Hamburger', 'Hamburger là nhà hàng đa năng tốt nhất. Cung cấp những món ăn đặc biệt, chất lượng cho khách hàng.', 'Website Bán Hamburger', 'Hamburgur là nhà hàng đa năng tốt nhất. Cung cấp những món ăn đặc biệt, chất lượng cho khách hàng.\r\n\r\nMang đến những cái bánh Hamburger độc đáo nhìu nguyên liệu, hương vị đặc biệt thơm ngon. ', '1588253722_54-avatar.jpg', '1588253722_54.jpg', '<p>Hamburgur là nhà hàng đa năng tốt nhất. Cung cấp những món ăn đặc biệt, chất lượng cho khách hàng.</p>\r\n\r\n<p>Mang đến những cái bánh Hamburger độc đáo nhìu nguyên liệu, hương vị đặc biệt thơm ngon. </p>', 1588253722, 'Y', 2, 2, 2),
(112, 'Asia', 'Asia là nhà hàng đa năng tốt nhất. Cung cấp những món ăn đặc biệt, chất lượng cho khách hàng.\r\n\r\nMang đến những món ăn độc đáo nhìu nguyên liệu, hương vị đặc biệt thơm ngon. tới từ các quốc giá ở châu á. mang nhiều hương vị truyền thống từ các nước khác n', 'Website Món ăn châu á', 'Asia là nhà hàng đa năng tốt nhất. Cung cấp những món ăn đặc biệt, chất lượng cho khách hàng.\r\n\r\nMang đến những món ăn độc đáo nhìu nguyên liệu, hương vị đặc biệt thơm ngon. tới từ các quốc giá ở châu á. mang nhiều hương vị truyền thống từ các nước khác n', '1588254332_55-avatar.jpg', '1588254332_55.jpg', '<p>Asia là nhà hàng đa năng tốt nhất. Cung cấp những món ăn đặc biệt, chất lượng cho khách hàng.</p>\r\n\r\n<p>Mang đến những món ăn độc đáo nhìu nguyên liệu, hương vị đặc biệt thơm ngon. tới từ các quốc giá ở châu á. mang nhiều hương vị truyền thống từ các nước khác nhau</p>', 1588254332, 'Y', 2, 2, 2),
(113, 'Mildhill', 'Mildhill là một lựa chọn lý tưởng cho tất cả các loại trang web cửa hàng thực phẩm và hữu cơ với phong cách thiết kế hiện đại', 'Website bán thực phẩm hữu cơ', 'Mildhill là một lựa chọn lý tưởng cho tất cả các loại trang web cửa hàng thực phẩm và hữu cơ với phong cách thiết kế hiện đại\r\n', '1588303896_57-avatar.jpg', '1588303896_57.jpg', '<p><span style=\"color:rgb(84, 84, 84); font-family:helvetica neue,helvetica,arial,sans-serif; font-size:16px\">Mildhill là một lựa chọn lý tưởng cho tất cả các loại trang web cửa hàng thực phẩm và hữu cơ với phong cách thiết kế hiện đại</span></p>\r\n\r\n<p><font color=\"#545454\" face=\"helvetica neue, helvetica, arial, sans-serif\"><span style=\"font-size:16px\">Mang đến các loại thực phẩm, hữu cơ chất lượng tới cho khách hàng.</span></font></p>', 1588303896, 'Y', 2, 2, 22),
(114, 'Mildhill #2', 'Mildhill là một lựa chọn lý tưởng cho tất cả các loại trang web cửa hàng thực phẩm và hữu cơ với phong cách thiết kế hiện đại', 'Website bán thực phẩm hữu cơ', 'Mildhill là một lựa chọn lý tưởng cho tất cả các loại trang web cửa hàng thực phẩm và hữu cơ với phong cách thiết kế hiện đại', '1588303972_58-avatar.jpg', '1588303972_58.jpg', '<p><span style=\"color:rgb(84, 84, 84); font-family:helvetica neue,helvetica,arial,sans-serif; font-size:16px\">Mildhill là một lựa chọn lý tưởng cho tất cả các loại trang web cửa hàng thực phẩm và hữu cơ với phong cách thiết kế hiện đại</span></p>', 1588303972, 'Y', 2, 2, 22),
(115, 'Mildhill #3', 'Mildhill là một lựa chọn lý tưởng cho tất cả các loại trang web cửa hàng thực phẩm và hữu cơ với phong cách thiết kế hiện đại', 'Website bán thực phẩm hữu cơ', 'Mildhill là một lựa chọn lý tưởng cho tất cả các loại trang web cửa hàng thực phẩm và hữu cơ với phong cách thiết kế hiện đại', '1588304025_59-avatar.jpg', '1588304025_59.jpg', '<p><span style=\"color:rgb(84, 84, 84); font-family:helvetica neue,helvetica,arial,sans-serif; font-size:16px\">Mildhill là một lựa chọn lý tưởng cho tất cả các loại trang web cửa hàng thực phẩm và hữu cơ với phong cách thiết kế hiện đại</span></p>', 1588304025, 'Y', 2, 2, 22),
(116, 'Mildhill #4', 'Mildhill là một lựa chọn lý tưởng cho tất cả các loại trang web cửa hàng thực phẩm và hữu cơ với phong cách thiết kế hiện đại', 'Website bán thực phẩm hữu cơ', 'Mildhill là một lựa chọn lý tưởng cho tất cả các loại trang web cửa hàng thực phẩm và hữu cơ với phong cách thiết kế hiện đại', '1588304052_60-avatar.jpg', '1588304052_60.jpg', '<p><span style=\"color:rgb(84, 84, 84); font-family:helvetica neue,helvetica,arial,sans-serif; font-size:16px\">Mildhill là một lựa chọn lý tưởng cho tất cả các loại trang web cửa hàng thực phẩm và hữu cơ với phong cách thiết kế hiện đại</span></p>', 1588304052, 'Y', 2, 2, 22),
(117, 'Mildhill #5', 'Mildhill là một lựa chọn lý tưởng cho tất cả các loại trang web cửa hàng thực phẩm và hữu cơ với phong cách thiết kế hiện đại', 'Website bán thực phẩm hữu cơ', 'Mildhill là một lựa chọn lý tưởng cho tất cả các loại trang web cửa hàng thực phẩm và hữu cơ với phong cách thiết kế hiện đại', '1588304123_61-avatar.jpg', '1588304123_61.jpg', '<p><span style=\"color:rgb(84, 84, 84); font-family:helvetica neue,helvetica,arial,sans-serif; font-size:16px\">Mildhill là một lựa chọn lý tưởng cho tất cả các loại trang web cửa hàng thực phẩm và hữu cơ với phong cách thiết kế hiện đại</span></p>', 1588304123, 'Y', 2, 2, 22),
(118, 'Mildhill #6', 'Mildhill là một lựa chọn lý tưởng cho tất cả các loại trang web cửa hàng thực phẩm và hữu cơ với phong cách thiết kế hiện đại', 'Website bán thực phẩm hữu cơ', 'Mildhill là một lựa chọn lý tưởng cho tất cả các loại trang web cửa hàng thực phẩm và hữu cơ với phong cách thiết kế hiện đại', '1588304151_62-avatar.jpg', '1588304151_62.jpg', '<p><span style=\"color:rgb(84, 84, 84); font-family:helvetica neue,helvetica,arial,sans-serif; font-size:16px\">Mildhill là một lựa chọn lý tưởng cho tất cả các loại trang web cửa hàng thực phẩm và hữu cơ với phong cách thiết kế hiện đại</span></p>', 1588304151, 'Y', 2, 2, 22),
(119, 'Tinysalt  #3', 'TinySalt là một chủ đề blog mới mẻ và thanh lịch dành cho blogger ẩm thực, những người yêu thích nấu ăn và kinh doanh thực phẩm nhỏ. Ý tưởng cho tất cả các blogger thực phẩm, cho dù bạn có một blog mới hoặc một blog đã có hàng trăm công thức nấu ăn. Trình', 'Website Chụp hình', 'TinySalt là một chủ đề blog mới mẻ và thanh lịch dành cho blogger ẩm thực, những người yêu thích nấu ăn và kinh doanh thực phẩm nhỏ. Ý tưởng cho tất cả các blogger thực phẩm, cho dù bạn có một blog mới hoặc một blog đã có hàng trăm công thức nấu ăn. Trình', '1588304324_63-avatar.jpg', '1588304324_63.jpg', '<p>TinySalt là một chủ đề blog mới mẻ và thanh lịch dành cho blogger ẩm thực, những người yêu thích nấu ăn và kinh doanh thực phẩm nhỏ. Ý tưởng cho tất cả các blogger thực phẩm, cho dù bạn có một blog mới hoặc một blog đã có hàng trăm công thức nấu ăn. Trình bày nội dung của bạn một cách đẹp.</p>\r\n\r\n<p>TinySalt cung cấp các kiểu và bố cục blog phong phú. Và nó rất dễ dàng để tạo và quản lý công thức nấu ăn của bạn. Chủ đề tương thích với các plugin phổ biến như WooC Commerce, MailChimp cho WordPress, Contact Form 7, v.v. Với tùy biến WordPress, bạn có thể dễ dàng thay đổi màu sắc, phông chữ và xuất hiện nhiều chủ đề hơn với bản xem trước tức thì.</p>', 1588304324, 'Y', 2, 1, 17),
(120, 'Tinysalt  #4', 'TinySalt là một chủ đề blog mới mẻ và thanh lịch dành cho blogger ẩm thực, những người yêu thích nấu ăn và kinh doanh thực phẩm nhỏ. Ý tưởng cho tất cả các blogger thực phẩm, cho dù bạn có một blog mới hoặc một blog đã có hàng trăm công thức nấu ăn. Trình', 'Website Chụp hình', 'TinySalt là một chủ đề blog mới mẻ và thanh lịch dành cho blogger ẩm thực, những người yêu thích nấu ăn và kinh doanh thực phẩm nhỏ. Ý tưởng cho tất cả các blogger thực phẩm, cho dù bạn có một blog mới hoặc một blog đã có hàng trăm công thức nấu ăn. Trình', '1588304372_64-avatar.jpg', '1588304372_64.jpg', '<p>TinySalt là một chủ đề blog mới mẻ và thanh lịch dành cho blogger ẩm thực, những người yêu thích nấu ăn và kinh doanh thực phẩm nhỏ. Ý tưởng cho tất cả các blogger thực phẩm, cho dù bạn có một blog mới hoặc một blog đã có hàng trăm công thức nấu ăn. Trình bày nội dung của bạn một cách đẹp.</p>', 1588304372, 'Y', 2, 1, 17),
(121, 'Tinysalt  #5', 'TinySalt là một chủ đề blog mới mẻ và thanh lịch dành cho blogger ẩm thực, những người yêu thích nấu ăn và kinh doanh thực phẩm nhỏ. Ý tưởng cho tất cả các blogger thực phẩm, cho dù bạn có một blog mới hoặc một blog đã có hàng trăm công thức nấu ăn. Trình', 'Website Chụp hình', 'TinySalt là một chủ đề blog mới mẻ và thanh lịch dành cho blogger ẩm thực, những người yêu thích nấu ăn và kinh doanh thực phẩm nhỏ. Ý tưởng cho tất cả các blogger thực phẩm, cho dù bạn có một blog mới hoặc một blog đã có hàng trăm công thức nấu ăn. Trình', '1588304399_65-avatar.jpg', '1588304399_65.jpg', '<p>TinySalt là một chủ đề blog mới mẻ và thanh lịch dành cho blogger ẩm thực, những người yêu thích nấu ăn và kinh doanh thực phẩm nhỏ. Ý tưởng cho tất cả các blogger thực phẩm, cho dù bạn có một blog mới hoặc một blog đã có hàng trăm công thức nấu ăn. Trình bày nội dung của bạn một cách đẹp.</p>', 1588304399, 'Y', 2, 1, 17),
(122, 'Candy dream\'s', 'Candy dream\'s là nơi cung cấp những hương vị kem độc đáo thơm ngon. mang tới cho khách hàng những mùi vị tuyệt vời mà chỉ riêng chung tôi có. Bao gồm tất cả các hương vị từ các loại trái cây tươi mát được. Khi khách hàng thưởng thức thì mùi vị đậm đà của ', 'Website bán kem', 'Candy dream\'s là nơi cung cấp những hương vị kem độc đáo thơm ngon. mang tới cho khách hàng những mùi vị tuyệt vời mà chỉ riêng chung tôi có. Bao gồm tất cả các hương vị từ các loại trái cây tươi mát được. Khi khách hàng thưởng thức thì mùi vị đậm đà của ', '1588304740_1-avatar.jpg', '1588304740_1.jpg', '<p>Candy dream\'s là nơi cung cấp những hương vị kem độc đáo thơm ngon. mang tới cho khách hàng những mùi vị tuyệt vời mà chỉ riêng chung tôi có. Bao gồm tất cả các hương vị từ các loại trái cây tươi mát được. Khi khách hàng thưởng thức thì mùi vị đậm đà của kem sẽ thấm giữ thật lâu, mát lạnh cho cảm giác cực sảng khoái. </p>', 1588304740, 'Y', 2, 2, 19);
INSERT INTO `detail` (`detailid`, `detail_name`, `detail_intro`, `SEO_keywords`, `SEO_description`, `detail_feature`, `detail_img`, `detail_content`, `detail_date`, `status`, `userid`, `cateid`, `labelid`) VALUES
(123, 'Trax', 'Trax - One Page + Multipage Parallax là một mẫu phản hồi HTML5 phù hợp cho bất kỳ doanh nghiệp hoặc doanh nghiệp khởi nghiệp. Nó được xây dựng bằng khung Bootstrap4. Hơn 45 mẫu bao gồm các trang blog và cửa hàng độc lập cũng được bao gồm trong mẫu này với', 'Website chia sẻ phần mềm', 'Trax - One Page + Multipage Parallax là một mẫu phản hồi HTML5 phù hợp cho bất kỳ doanh nghiệp hoặc doanh nghiệp khởi nghiệp. Nó được xây dựng bằng khung Bootstrap4. Hơn 45 mẫu bao gồm các trang blog và cửa hàng độc lập cũng được bao gồm trong mẫu này với', '1588305670_4-avatar.jpg', '1588305670_4.jpg', '<p>Trax - One Page + Multipage Parallax là một mẫu phản hồi HTML5 phù hợp cho bất kỳ doanh nghiệp hoặc doanh nghiệp khởi nghiệp. Nó được xây dựng bằng khung Bootstrap4. Hơn 45 mẫu bao gồm các trang blog và cửa hàng độc lập cũng được bao gồm trong mẫu này với rất nhiều hình ảnh động CSS và JQuery, một mẫu hoàn hảo cho các doanh nghiệp khởi nghiệp, studio web và các cơ quan kỹ thuật số. Các phần thông tin tiêu chuẩn sẽ giúp bất cứ ai tùy chỉnh theo thông tin công ty của họ. Mẫu này được nhận xét rất tốt và cũng có tài liệu trợ giúp thích hợp quá.</p>', 1588305670, 'Y', 2, 1, 26),
(124, 'Trax', 'Trax - One Page + Multipage Parallax là một mẫu phản hồi HTML5 phù hợp cho bất kỳ doanh nghiệp hoặc doanh nghiệp khởi nghiệp. Nó được xây dựng bằng khung Bootstrap4. Hơn 45 mẫu bao gồm các trang blog và cửa hàng độc lập cũng được bao gồm trong mẫu này với', 'Website chia sẻ phần mềm', 'Trax - One Page + Multipage Parallax là một mẫu phản hồi HTML5 phù hợp cho bất kỳ doanh nghiệp hoặc doanh nghiệp khởi nghiệp. Nó được xây dựng bằng khung Bootstrap4. Hơn 45 mẫu bao gồm các trang blog và cửa hàng độc lập cũng được bao gồm trong mẫu này với', '1588305736_5-avatar.jpg', '1588305736_5.jpg', '<p>Trax - One Page + Multipage Parallax là một mẫu phản hồi HTML5 phù hợp cho bất kỳ doanh nghiệp hoặc doanh nghiệp khởi nghiệp. Nó được xây dựng bằng khung Bootstrap4. Hơn 45 mẫu bao gồm các trang blog và cửa hàng độc lập cũng được bao gồm trong mẫu này với rất nhiều hình ảnh động CSS và JQuery, một mẫu hoàn hảo cho các doanh nghiệp khởi nghiệp, studio web và các cơ quan kỹ thuật số. Các phần thông tin tiêu chuẩn sẽ giúp bất cứ ai tùy chỉnh theo thông tin công ty của họ. Mẫu này được nhận xét rất tốt và cũng có tài liệu trợ giúp thích hợp quá.</p>', 1588305736, 'Y', 2, 1, 26),
(125, 'Trax #2', 'Trax - One Page + Multipage Parallax là một mẫu phản hồi HTML5 phù hợp cho bất kỳ doanh nghiệp hoặc doanh nghiệp khởi nghiệp. Nó được xây dựng bằng khung Bootstrap4. Hơn 45 mẫu bao gồm các trang blog và cửa hàng độc lập cũng được bao gồm trong mẫu này với', 'Website chia sẻ phần mềm', 'Trax - One Page + Multipage Parallax là một mẫu phản hồi HTML5 phù hợp cho bất kỳ doanh nghiệp hoặc doanh nghiệp khởi nghiệp. Nó được xây dựng bằng khung Bootstrap4. Hơn 45 mẫu bao gồm các trang blog và cửa hàng độc lập cũng được bao gồm trong mẫu này với', '1588305746_5-avatar.jpg', '1588305746_5.jpg', '<p>Trax - One Page + Multipage Parallax là một mẫu phản hồi HTML5 phù hợp cho bất kỳ doanh nghiệp hoặc doanh nghiệp khởi nghiệp. Nó được xây dựng bằng khung Bootstrap4. Hơn 45 mẫu bao gồm các trang blog và cửa hàng độc lập cũng được bao gồm trong mẫu này với rất nhiều hình ảnh động CSS và JQuery, một mẫu hoàn hảo cho các doanh nghiệp khởi nghiệp, studio web và các cơ quan kỹ thuật số. Các phần thông tin tiêu chuẩn sẽ giúp bất cứ ai tùy chỉnh theo thông tin công ty của họ. Mẫu này được nhận xét rất tốt và cũng có tài liệu trợ giúp thích hợp quá.</p>', 1588305746, 'Y', 2, 1, 26),
(126, 'Larix', 'Larix là một mẫu phản hồi HTML5 phù hợp cho bất kỳ doanh nghiệp hoặc doanh nghiệp khởi nghiệp. Nó được xây dựng bằng khung Bootstrap4. Hơn 45 mẫu bao gồm các trang blog và cửa hàng độc lập cũng được bao gồm trong mẫu này với rất nhiều hình ảnh động CSS và', 'Website chia sẻ phần mềm', 'Larix là một mẫu phản hồi HTML5 phù hợp cho bất kỳ doanh nghiệp hoặc doanh nghiệp khởi nghiệp. Nó được xây dựng bằng khung Bootstrap4. Hơn 45 mẫu bao gồm các trang blog và cửa hàng độc lập cũng được bao gồm trong mẫu này với rất nhiều hình ảnh động CSS và', '1588306284_6-avatar.jpg', '1588306284_6.jpg', '<p>Larix là một mẫu phản hồi HTML5 phù hợp cho bất kỳ doanh nghiệp hoặc doanh nghiệp khởi nghiệp. Nó được xây dựng bằng khung Bootstrap4. Hơn 45 mẫu bao gồm các trang blog và cửa hàng độc lập cũng được bao gồm trong mẫu này với rất nhiều hình ảnh động CSS và JQuery, một mẫu hoàn hảo cho các doanh nghiệp khởi nghiệp, studio web và các cơ quan kỹ thuật số. Các phần thông tin tiêu chuẩn sẽ giúp bất cứ ai tùy chỉnh theo thông tin công ty của họ. Mẫu này được nhận xét rất tốt và cũng có tài liệu trợ giúp thích hợp quá.</p>', 1588306284, 'Y', 2, 1, 26),
(127, 'Larix #2', 'Larix là một mẫu phản hồi HTML5 phù hợp cho bất kỳ doanh nghiệp hoặc doanh nghiệp khởi nghiệp. Nó được xây dựng bằng khung Bootstrap4. Hơn 45 mẫu bao gồm các trang blog và cửa hàng độc lập cũng được bao gồm trong mẫu này với rất nhiều hình ảnh động CSS và', 'Website chia sẻ phần mềm', 'Larix là một mẫu phản hồi HTML5 phù hợp cho bất kỳ doanh nghiệp hoặc doanh nghiệp khởi nghiệp. Nó được xây dựng bằng khung Bootstrap4. Hơn 45 mẫu bao gồm các trang blog và cửa hàng độc lập cũng được bao gồm trong mẫu này với rất nhiều hình ảnh động CSS và', '1588306315_7-avatar.jpg', '1588306315_7.jpg', '<p>Larix là một mẫu phản hồi HTML5 phù hợp cho bất kỳ doanh nghiệp hoặc doanh nghiệp khởi nghiệp. Nó được xây dựng bằng khung Bootstrap4. Hơn 45 mẫu bao gồm các trang blog và cửa hàng độc lập cũng được bao gồm trong mẫu này với rất nhiều hình ảnh động CSS và JQuery, một mẫu hoàn hảo cho các doanh nghiệp khởi nghiệp, studio web và các cơ quan kỹ thuật số. Các phần thông tin tiêu chuẩn sẽ giúp bất cứ ai tùy chỉnh theo thông tin công ty của họ. Mẫu này được nhận xét rất tốt và cũng có tài liệu trợ giúp thích hợp quá.</p>', 1588306315, 'Y', 2, 1, 26),
(128, 'Rescaf', 'Sạch sẽ và Chuyên nghiệp đi kèm với hơn 30 trang HTML5 hợp lệ và hơn 6 biến thể trang chủ. Rescaf cung cấp nhiều tính năng tuyệt vời như, nhà hàng, lò mổ, tiệm bánh pizza, Bakery, Cafe, Bar, Phục vụ, Dịch vụ giao đồ ăn, quán rượu, quán rượu, quán rượu, bữ', 'Website Nhà hàng', 'Sạch sẽ và Chuyên nghiệp đi kèm với hơn 30 trang HTML5 hợp lệ và hơn 6 biến thể trang chủ. Rescaf cung cấp nhiều tính năng tuyệt vời như, nhà hàng, lò mổ, tiệm bánh pizza, Bakery, Cafe, Bar, Phục vụ, Dịch vụ giao đồ ăn, quán rượu, quán rượu, quán rượu, bữ', '1588306763_8-avatar.jpg', '1588306763_8.jpg', '<p>Sạch sẽ và Chuyên nghiệp đi kèm với hơn <strong>30</strong> trang HTML5 hợp lệ và hơn <strong>6</strong> biến thể trang chủ. <strong>Rescaf</strong> cung cấp nhiều tính năng tuyệt vời như, <strong>nhà hàng, lò mổ, tiệm bánh pizza, Bakery, Cafe, Bar, Phục vụ, Dịch vụ giao đồ ăn, quán rượu, quán rượu, quán rượu, bữa tối, hệ thống đặt phòng, Đặt bàn & OpenTable</strong> hoặc chỉ là một <strong>Blog</strong> của bạn . Mã nhận xét tốt, cấu trúc tệp được ghi chép tốt và Hỗ trợ 24/7 chuyên nghiệp và cực nhanh.</p>', 1588306763, 'Y', 2, 2, 2),
(129, 'Rescaf #2', 'Sạch sẽ và Chuyên nghiệp đi kèm với hơn 30 trang HTML5 hợp lệ và hơn 6 biến thể trang chủ. Rescaf cung cấp nhiều tính năng tuyệt vời như, nhà hàng, lò mổ, tiệm bánh pizza, Bakery, Cafe, Bar, Phục vụ, Dịch vụ giao đồ ăn, quán rượu, quán rượu, quán rượu, bữ', 'Website Nhà hàng', 'Sạch sẽ và Chuyên nghiệp đi kèm với hơn 30 trang HTML5 hợp lệ và hơn 6 biến thể trang chủ. Rescaf cung cấp nhiều tính năng tuyệt vời như, nhà hàng, lò mổ, tiệm bánh pizza, Bakery, Cafe, Bar, Phục vụ, Dịch vụ giao đồ ăn, quán rượu, quán rượu, quán rượu, bữ', '1588306881_9-avatar.jpg', '1588306881_9.jpg', '<p>Sạch sẽ và Chuyên nghiệp đi kèm với hơn <strong>30</strong> trang HTML5 hợp lệ và hơn <strong>6</strong> biến thể trang chủ. <strong>Rescaf</strong> cung cấp nhiều tính năng tuyệt vời như, <strong>nhà hàng, lò mổ, tiệm bánh pizza, Bakery, Cafe, Bar, Phục vụ, Dịch vụ giao đồ ăn, quán rượu, quán rượu, quán rượu, bữa tối, hệ thống đặt phòng, Đặt bàn & OpenTable</strong> hoặc chỉ là một <strong>Blog</strong> của bạn . Mã nhận xét tốt, cấu trúc tệp được ghi chép tốt và Hỗ trợ 24/7 chuyên nghiệp và cực nhanh.</p>', 1588306881, 'Y', 2, 2, 2),
(130, 'testa', 'aa', 'aa', 'aa', '1590590528_3.png', '1590590558_2.jpg', '<p>aa</p>', 1590590528, 'Y', 1, 2, 29);

-- --------------------------------------------------------

--
-- Table structure for table `label`
--

CREATE TABLE `label` (
  `labelid` int(10) NOT NULL,
  `label_name` varchar(255) NOT NULL,
  `label_img` varchar(255) NOT NULL
) ENGINE=InnoDB DEFAULT CHARSET=utf8;

--
-- Dumping data for table `label`
--

INSERT INTO `label` (`labelid`, `label_name`, `label_img`) VALUES
(1, 'Du Lịch', '1587733260_1.jpg'),
(2, 'Ẩm Thực', '1587733260_1.jpg'),
(3, 'Kiến Trúc', '1587733260_1.jpg'),
(6, 'Thời Trang', '1587733260_1.jpg'),
(7, 'Giầy ', '1587733260_1.jpg'),
(8, 'Công Nghệ', '1587733260_1.jpg'),
(9, 'Trang Sức', '1587733260_1.jpg'),
(10, 'Túi Xách', '1587733260_1.jpg'),
(11, 'Mỹ Phẩm', '1587733260_1.jpg'),
(12, 'Rau Sạch', '1587733260_1.jpg'),
(13, 'Rau Củ Quả', '1587733260_1.jpg'),
(14, 'Bánh ngọt', '1587733260_1.jpg'),
(15, 'Rau Quả', '1587733260_1.jpg'),
(16, 'Thức ăn nhanh', '1587733260_1.jpg'),
(17, 'Chụp hình', 'bg-am-thuc.jpg'),
(18, 'juice', '1587787998_34-avatar.jpg'),
(19, 'kem', '1587811487_37-avatar.jpg'),
(20, 'coffee', '1587812825_40-avatar.jpg'),
(21, 'Trà', '1587814228_42-avatar.jpg'),
(22, 'Thực phẩm hữu cơ', '1587814477_43-avatar.jpg'),
(26, 'phần mềm', '1588305627_4-avatar.jpg'),
(27, 'Khách Sạn', '1590287645_3455sanbaylongthanh_csek.jpg'),
(28, 'Nông Nghiệp', '1590287672_3455sanbaylongthanh_csek.jpg'),
(29, 'Nhiếp Ảnh', '1590287701_banner-250x250.jpg'),
(30, 'Làm Đẹp', '1590287715_banner-300x250-pink.jpg'),
(31, 'Khác', '1590287745_banner-300x250-pink.jpg');

-- --------------------------------------------------------

--
-- Table structure for table `setting`
--

CREATE TABLE `setting` (
  `settingid` int(10) UNSIGNED NOT NULL,
  `setting_name` varchar(150) NOT NULL,
  `setting_value` longtext NOT NULL
) ENGINE=InnoDB DEFAULT CHARSET=utf8;

--
-- Dumping data for table `setting`
--

INSERT INTO `setting` (`settingid`, `setting_name`, `setting_value`) VALUES
(1, 'SitePref', '{\"sitename\":\"weBox\",\"local_timezone\":\"Asia\\/Ho_Chi_Minh\"}'),
(2, 'NewsPref', '{\"accept_file_type\":\"bmp,jpg,png,gif\"}');

-- --------------------------------------------------------

--
-- Table structure for table `user`
--

CREATE TABLE `user` (
  `userid` int(10) UNSIGNED NOT NULL,
  `username` varchar(50) NOT NULL,
  `password` char(32) NOT NULL,
  `level` int(1) UNSIGNED NOT NULL COMMENT '1: Admin - 2: Member',
  `gender` int(1) NOT NULL COMMENT '1: Male - 2: Female',
  `email` varchar(255) DEFAULT NULL,
  `tel` text,
  `birthday` varchar(255) DEFAULT NULL,
  `address` varchar(255) DEFAULT NULL,
  `avatar` varchar(255) NOT NULL
) ENGINE=InnoDB DEFAULT CHARSET=utf8;

--
-- Dumping data for table `user`
--

INSERT INTO `user` (`userid`, `username`, `password`, `level`, `gender`, `email`, `tel`, `birthday`, `address`, `avatar`) VALUES
(1, 'Vũ Hoàng Nguyên', '5d93ceb70e2bf5daa84ec3d0cd2c731a', 1, 1, 'vuhoangnguyen49@gmail.com', '0974487944', '04/09/1990', 'quận 12 TPHCM', '0'),
(2, 'Nguyễn Đại Hà', '5d93ceb70e2bf5daa84ec3d0cd2c731a', 1, 1, 'nguyen.daiha@yahoo.com', '0964602940', '08/01/1990', 'quận Phú Nhuận TPHCM', '0');

--
-- Indexes for dumped tables
--

--
-- Indexes for table `category`
--
ALTER TABLE `category`
  ADD PRIMARY KEY (`cateid`);

--
-- Indexes for table `comments`
--
ALTER TABLE `comments`
  ADD PRIMARY KEY (`commentid`);

--
-- Indexes for table `contact`
--
ALTER TABLE `contact`
  ADD PRIMARY KEY (`contactid`);

--
-- Indexes for table `detail`
--
ALTER TABLE `detail`
  ADD PRIMARY KEY (`detailid`);

--
-- Indexes for table `label`
--
ALTER TABLE `label`
  ADD PRIMARY KEY (`labelid`);

--
-- Indexes for table `setting`
--
ALTER TABLE `setting`
  ADD PRIMARY KEY (`settingid`);

--
-- Indexes for table `user`
--
ALTER TABLE `user`
  ADD PRIMARY KEY (`userid`);

--
-- AUTO_INCREMENT for dumped tables
--

--
-- AUTO_INCREMENT for table `category`
--
ALTER TABLE `category`
  MODIFY `cateid` int(10) UNSIGNED NOT NULL AUTO_INCREMENT, AUTO_INCREMENT=4;

--
-- AUTO_INCREMENT for table `comments`
--
ALTER TABLE `comments`
  MODIFY `commentid` int(10) UNSIGNED NOT NULL AUTO_INCREMENT, AUTO_INCREMENT=8;

--
-- AUTO_INCREMENT for table `contact`
--
ALTER TABLE `contact`
  MODIFY `contactid` int(10) NOT NULL AUTO_INCREMENT, AUTO_INCREMENT=27;

--
-- AUTO_INCREMENT for table `detail`
--
ALTER TABLE `detail`
  MODIFY `detailid` int(10) NOT NULL AUTO_INCREMENT, AUTO_INCREMENT=131;

--
-- AUTO_INCREMENT for table `label`
--
ALTER TABLE `label`
  MODIFY `labelid` int(10) NOT NULL AUTO_INCREMENT, AUTO_INCREMENT=32;

--
-- AUTO_INCREMENT for table `setting`
--
ALTER TABLE `setting`
  MODIFY `settingid` int(10) UNSIGNED NOT NULL AUTO_INCREMENT, AUTO_INCREMENT=3;

--
-- AUTO_INCREMENT for table `user`
--
ALTER TABLE `user`
  MODIFY `userid` int(10) UNSIGNED NOT NULL AUTO_INCREMENT, AUTO_INCREMENT=3;
COMMIT;

/*!40101 SET CHARACTER_SET_CLIENT=@OLD_CHARACTER_SET_CLIENT */;
/*!40101 SET CHARACTER_SET_RESULTS=@OLD_CHARACTER_SET_RESULTS */;
/*!40101 SET COLLATION_CONNECTION=@OLD_COLLATION_CONNECTION */;
